player_display_name,position,team,games_played,ppr_per_game,ppr_std_dev,target_share_pct,yards_per_carry,yards_per_reception,ppr_change_24_to_25,career_avg_ppr,career_games_played,composite_score,position_rank,tier,vorp
Drake Maye,QB,NE,17,20.70352941176471,5.388321794836115,0.20833333333333334,4.368932038834951,2.0,7.077375565610865,17.164841628959277,30,21.210245542997132,1,1,8.17528141714343
Matthew Stafford,QB,LA,17,20.610588235294117,6.979441659785757,0.0,0.034482758620689655,NaN,7.199338235294116,16.742834967320263,48,20.676557207946622,2,1,7.641593082092919
Josh Allen,QB,BUF,16,22.78875,10.404942335255877,0.0,5.169642857142857,NaN,-0.901250000000001,23.19174019607843,49,19.396892299423236,3,1,6.361928173569533
Trevor Lawrence,QB,JAX,17,19.89294117647059,8.78550778605446,0.0,4.378048780487805,NaN,5.37294117647059,16.940563725490197,43,18.869171193595427,4,2,5.834207067741724
Patrick Mahomes,QB,KC,14,20.405714285714286,7.995600438592862,0.18214936247723132,6.59375,-10.0,2.716964285714287,18.53607142857143,46,18.822123439850714,5,2,5.787159313997011
Caleb Williams,QB,CHI,17,18.716470588235296,8.227406138310295,0.37593984962406013,4.974025974025974,11.0,3.7435294117647064,16.844705882352944,34,17.371307570271618,6,2,4.336343444417915
Brock Purdy,QB,SF,9,19.70888888888889,10.294518498264557,0.0,4.454545454545454,NaN,1.918222222222223,18.658185185185186,40,17.19600000607619,7,2,4.161035880222487
Dak Prescott,QB,DAL,17,18.45764705882353,8.280775574645592,0.0,3.339622641509434,NaN,3.8926470588235293,17.729901960784314,42,17.14120850407691,8,2,4.106244378223208
Jacoby Brissett,QB,ARI,14,16.245714285714286,7.571328218285811,0.0,4.421052631578948,NaN,9.782857142857143,11.379523809523809,23,16.909172963085684,9,3,3.874208837231981
Daniel Jones,QB,IND,13,17.41846153846154,7.084911015853629,0.0,3.6444444444444444,NaN,3.888461538461538,13.480598290598289,29,16.459526695243913,10,3,3.4245625693902095
Justin Herbert,QB,LAC,16,17.93,7.740838886494582,0.0,6.0,NaN,1.141764705882352,17.57684766214178,46,15.95027774581633,11,3,2.9153136199626264
Jalen Hurts,QB,PHI,16,18.81625,7.583037979596305,0.0,4.0095238095238095,NaN,-2.191749999999999,20.271220588235295,48,15.883813606121109,12,3,2.848849480267406
Bo Nix,QB,DEN,17,17.931764705882355,8.369988228257938,0.17391304347826086,4.289156626506024,NaN,-0.7270588235294078,18.29529411764706,34,15.20265059034615,13,3,2.167686464492448
Jared Goff,QB,DET,17,17.474117647058822,7.5179776692468385,0.0,2.3684210526315788,NaN,-1.6117647058823579,17.85529411764706,51,14.735194934520063,14,3,1.70023080866636
Kyler Murray,QB,ARI,5,15.556000000000001,1.7790671713007356,0.0,5.9655172413793105,NaN,-1.92870588235294,17.111901960784312,30,14.4436680839039,15,3,1.4087039580501965
Jaxson Dart,QB,NYG,14,17.255714285714287,10.234088373429499,0.0,5.662790697674419,NaN,,17.255714285714287,14,14.185487773685438,16,4,1.1505236478317347
Justin Fields,QB,NYJ,9,15.851111111111111,10.795402313536588,0.21645021645021645,5.394366197183099,NaN,3.9371111111111112,15.157088319088318,32,13.793623750383468,17,4,0.7586596245297645
C.J. Stroud,QB,HOU,14,14.895714285714286,6.520944615722379,0.0,4.354166666666667,NaN,1.9321848739495806,15.420192343604109,46,13.519086363182446,18,4,0.4841222373287426
Jordan Love,QB,GB,15,15.675999999999998,7.409080143407045,0.0,4.23404255319149,NaN,0.08533333333333104,16.67830065359477,47,13.478875956977884,19,4,0.443911831124181
Jayden Daniels,QB,WAS,7,16.325714285714287,6.364293249955455,0.0,4.793103448275862,NaN,-4.604873949579829,18.628151260504204,24,13.034964125853703,20,4,0.0
Joe Burrow,QB,CIN,8,16.8075,8.579676567330496,0.0,2.9285714285714284,NaN,-5.123088235294116,17.818029411764705,35,12.696670559212617,21,4,-0.33829356664108623
Carson Wentz,QB,MIN,5,14.068000000000001,5.005668786485978,0.0,5.181818181818182,NaN,,14.182666666666668,8,12.566299364054208,22,4,-0.468664761799495
Michael Penix Jr.,QB,ATL,9,13.364444444444445,7.291754094713958,0.0,3.3333333333333335,NaN,4.544444444444444,11.092222222222222,14,12.54025154936359,23,4,-0.49471257649011235
Baker Mayfield,QB,TB,17,15.99529411764706,6.243110320232074,0.0,6.945454545454545,NaN,-5.522352941176472,17.878039215686275,51,12.465655139224495,24,4,-0.569308986629208
Tyler Shough,QB,NO,11,14.360000000000001,7.655215215785903,0.0,4.133333333333334,NaN,,14.360000000000001,11,12.06343543526423,25,5,-0.9715286905894729
Aaron Rodgers,QB,PIT,16,14.1925,6.2364771038356785,0.19342359767891684,2.9047619047619047,-9.0,-0.9004411764705864,9.761813725490196,34,12.051424515908122,26,5,-0.9835396099455807
Joe Flacco,QB,CIN,9,13.417777777777777,11.893773347615316,0.0,1.4666666666666666,NaN,5.7442063492063475,13.5523373015873,25,11.572907678255087,27,5,-1.4620564475986164
Bryce Young,QB,CAR,16,13.627500000000001,7.695941354592909,0.0,4.0,NaN,-0.3025000000000002,12.443750000000001,46,11.227967593622129,28,5,-1.8069965322315742
Lamar Jackson,QB,BAL,13,16.527692307692305,9.083921834617243,0.0,5.208955223880597,NaN,-8.788778280542992,20.8484709653092,46,11.165882273144234,29,5,-1.8690818527094688
Jameis Winston,QB,NYG,3,14.426666666666668,16.384643216540706,0.19880715705765406,3.2857142857142856,33.0,2.5048484848484875,9.447272727272727,20,10.262728247159004,30,5,-2.7722358786946995
Sam Darnold,QB,SEA,17,13.848235294117647,7.976384076834344,0.0,2.7142857142857144,NaN,-4.2670588235294105,11.433843137254902,44,10.175202424008521,31,5,-2.8597617018451817
J.J. McCarthy,QB,MIN,10,12.538,8.450317285298949,0.0,4.891891891891892,NaN,,12.538,10,10.002904814410316,32,5,-3.032059311443387
Malik Willis,QB,GB,4,12.794999999999998,13.520378446379867,0.0,5.590909090909091,NaN,4.1616666666666635,7.652777777777778,12,9.987386466086036,33,5,-3.0475776597676667
Mac Jones,QB,SF,11,11.82181818181818,9.285134159700458,0.0,1.6666666666666667,NaN,2.21381818181818,10.367515151515152,32,9.700423388453496,34,5,-3.334540737400207
Spencer Rattler,QB,NO,9,11.015555555555556,6.5246668710193765,0.35398230088495575,5.387096774193548,0.0,1.4041269841269841,10.313492063492063,16,9.479393589487838,35,5,-3.555570536365865
Cam Ward,QB,TEN,17,10.98,5.398444220328668,0.0,4.076923076923077,NaN,,10.98,17,9.3604667339014,36,5,-3.6744973919523023
Marcus Mariota,QB,WAS,10,12.55,8.219960800122806,0.0,5.94,NaN,-2.703333333333335,11.22777777777778,15,9.27301175996316,37,5,-3.7619523658905436
Philip Rivers,QB,IND,3,10.553333333333333,5.6734586746827835,0.0,-0.5,NaN,,10.553333333333333,3,8.851295730928499,38,5,-4.1836683949252045
Davis Mills,QB,HOU,6,11.433333333333332,10.069618993123159,0.0,4.615384615384615,NaN,,5.797444444444444,15,8.412447635396385,39,5,-4.622516490457318
Geno Smith,QB,LV,15,11.593333333333334,7.288765000882883,0.0,2.658536585365854,NaN,-4.0537254901960775,14.13035294117647,47,8.190586186009646,40,5,-4.8443779398440565
Tua Tagovailoa,QB,MIA,14,11.47857142857143,7.29722587662637,0.0,2.15,NaN,-5.028701298701298,14.629791189202955,42,7.78079327597313,41,5,-5.254170849880573
Shedeur Sanders,QB,CLE,8,10.6125,9.922268965744246,0.0,8.047619047619047,NaN,,10.6125,8,7.635819310276727,42,5,-5.399144815576976
Jake Browning,QB,CIN,5,9.748000000000001,8.219082673875473,0.0,4.333333333333333,NaN,,8.565629629629631,16,7.282275197837359,43,5,-5.752688928016344
Kirk Cousins,QB,ATL,10,10.354000000000001,8.028665587201345,0.0,0.5,NaN,-2.2402857142857133,13.88859523809524,32,7.273314609553884,44,5,-5.761649516299819
Tyrod Taylor,QB,NYJ,6,9.91,8.744980274420293,0.0,5.296296296296297,NaN,-0.11999999999999922,9.558,18,7.250505917673912,45,5,-5.784458208179791
Joe Flacco,QB,CLE,4,6.4750000000000005,4.933055172338268,0.0,2.1666666666666665,NaN,5.7442063492063475,13.5523373015873,25,6.718345353060425,46,5,-6.316618772793278
Quinn Ewers,QB,MIA,4,8.295,5.660067726332139,0.22172949002217296,2.375,-6.0,,8.295,4,6.596979682100359,47,5,-6.437984443753344
Josh Johnson,QB,WAS,3,8.126666666666667,8.039411255392608,0.0,4.583333333333333,NaN,,4.160833333333334,7,5.714843290048885,48,5,-7.320120835804818
Dillon Gabriel,QB,CLE,10,7.008,7.054569519900638,0.0,6.142857142857143,NaN,,7.008,10,4.8916291440298085,49,5,-8.143334981823894
Aidan O'Connell,QB,LV,1,4.78,,0.0,7.0,NaN,,8.868282828282828,21,4.78,50,5,-8.254964125853704
Brady Cook,QB,NYJ,5,5.692,3.0984060418221495,0.0,3.769230769230769,NaN,,5.692,5,4.762478187453356,51,5,-8.272485938400347
Tyler Huntley,QB,BAL,5,8.028,7.308496425394215,0.0,6.291666666666667,NaN,-4.103999999999999,8.427999999999999,15,4.604251072381737,52,5,-8.430713053471965
Shane Buechele,QB,KC,1,3.92,,0.0,4.0,NaN,,3.92,1,3.92,53,5,-9.114964125853703
Mitchell Trubisky,QB,BUF,4,7.779999999999999,14.055613350781483,0.0,0.6666666666666666,NaN,,6.4745,17,3.5633159947655546,54,5,-9.471648131088148
Riley Leonard,QB,IND,5,6.2,10.352052936495255,0.0,4.5,-inf,,6.2,5,3.0943841190514236,55,5,-9.940580006802278
Russell Wilson,QB,NYG,6,8.306666666666667,11.513926639798722,0.0,5.888888888888889,NaN,-7.40060606060606,13.713535353535354,32,2.6323068565452323,56,5,-10.40265726930847
Trey Lance,QB,LAC,4,3.385,3.4144936178980725,0.0,5.0,NaN,,3.285,8,2.360651914630578,57,5,-10.674312211223125
Chris Oladokun,QB,KC,3,3.733333333333334,4.864990578956277,0.0,3.6,NaN,,2.116666666666667,4,2.273836159646451,58,5,-10.761127966207251
Tanner McKee,QB,PHI,4,3.4400000000000004,5.780357543728012,0.0,1.0,NaN,,8.925,6,1.7058927368815968,59,5,-11.329071388972107
Andy Dalton,QB,CAR,4,2.38,2.7895519353473244,0.0,-0.4,NaN,,8.008888888888889,12,1.5431344193958028,60,5,-11.4918297064579
Mason Rudolph,QB,PIT,5,3.0,4.917377349766845,0.0,0.8571428571428571,NaN,,8.288333333333334,17,1.5247867950699465,61,5,-11.510177330783756
Joe Milton III,QB,DAL,4,2.58,3.716378165185382,0.0,10.0,NaN,,10.91,5,1.4650865504443855,62,5,-11.569877575409318
Tyson Bagent,QB,CHI,2,1.29,0.6929646455628167,0.0,3.5,NaN,,3.959,11,1.082110606331155,63,5,-11.952853519522549
Brandon Allen,QB,TEN,1,0.8799999999999999,,0.0,NaN,NaN,,1.5000000000000002,4,0.8799999999999999,64,5,-12.154964125853702
Anthony Richardson,QB,IND,2,1.0799999999999998,1.668772003600252,0.1890359168241966,-0.25,9.0,,11.366969696969697,17,0.5793683989199243,65,5,-12.45559572693378
Teddy Bridgewater,QB,TB,3,0.96,1.83597385602301,0.0,1.3333333333333333,NaN,,0.38,4,0.409207843193097,66,5,-12.625756282660607
Joshua Dobbs,QB,NE,4,0.525,0.5978572850884509,0.0,-0.5,NaN,,11.68375,19,0.3456428144734648,67,5,-12.689321311380239
Kenny Pickett,QB,LV,6,1.2866666666666668,3.68123167793969,0.0,4.4,NaN,,5.166,23,0.18229716328475987,68,5,-12.852666962568943
Zach Wilson,QB,MIA,4,0.34500000000000003,0.828713862962764,0.0,0.3333333333333333,NaN,,5.17,16,0.09638584111117085,69,5,-12.938578284742531
Brett Rypien,QB,CIN,1,0.0,,0.0,NaN,NaN,,1.195,3,0.0,70,5,-13.034964125853703
Cooper Rush,QB,BAL,4,0.43000000000000005,1.4545102268461367,0.0,-1.0,NaN,,3.3419047619047624,23,-0.006353068053840949,71,5,-13.041317193907544
Max Brosmer,QB,MIN,7,0.602857142857143,2.0388699017324465,0.0,1.5714285714285714,NaN,,0.602857142857143,7,-0.008803827662590913,72,5,-13.043767953516294
Kedon Slovis,QB,ARI,2,-0.04,0.0565685424949238,0.0,NaN,NaN,,-0.04,2,-0.056970562748477144,73,5,-13.09193468860218
Jarrett Stidham,QB,DEN,1,-0.1,,0.0,-1.0,NaN,,4.49,5,-0.1,74,5,-13.134964125853703
Adrian Martinez,QB,SF,1,-0.1,,0.0,-1.0,NaN,,-0.1,1,-0.1,75,5,-13.134964125853703
Drew Lock,QB,SEA,3,0.033333333333333326,0.4509249752822894,0.0,-0.8333333333333334,NaN,,6.253968253968253,14,-0.1019441592513535,76,5,-13.136908285105056
Nick Mullens,QB,JAX,4,-0.010000000000000009,0.32843061164676274,0.0,-0.6666666666666666,NaN,,4.556000000000001,13,-0.10852918349402883,77,5,-13.143493309347733
Clayton Tune,QB,GB,2,0.9900000000000001,3.7759502115361636,0.0,4.6,NaN,,0.6068888888888889,13,-0.14278506346084885,78,5,-13.177749189314552
Kyle Allen,QB,DET,2,-0.15000000000000002,0.07071067811865477,0.0,-1.0,NaN,,0.1311111111111111,9,-0.17121320343559646,79,5,-13.2061773292893
Jimmy Garoppolo,QB,LA,3,-0.3333333333333333,0.05773502691896256,0.0,-1.1111111111111112,NaN,,9.56126984126984,11,-0.35065384140902206,80,5,-13.385617967262725
Gardner Minshew,QB,KC,4,-0.08000000000000007,1.059685487931836,0.0,0.3333333333333333,NaN,,7.2715000000000005,30,-0.3979056463795509,81,5,-13.432869772233254
Jalen Milroe,QB,SEA,3,-0.5333333333333333,1.274100990241093,0.0,1.3333333333333333,NaN,,-0.5333333333333333,3,-0.9155636304056611,82,5,-13.950527756259364
Christian McCaffrey,RB,SF,17,24.50588235294118,8.22446583282429,24.760076775431862,3.864951768488746,9.058823529411764,12.555882352941177,20.304044117647063,37,25.805307308976243,1,1,17.26947287042434
Bijan Robinson,RB,ATL,17,21.811764705882354,10.258404015302597,19.884169884169882,5.149825783972125,10.379746835443038,1.7117647058823557,18.8,51,19.24777291305628,2,1,10.711938474504379
De'Von Achane,RB,MIA,16,20.175,7.015364091288015,18.8470066518847,5.6722689075630255,7.2835820895522385,2.533823529411766,18.384180035650626,44,18.830537831437127,3,1,10.294703392885225
Jonathan Taylor,RB,IND,17,21.311764705882354,12.441507261629376,10.396975425330812,4.9071207430340555,8.217391304347826,3.8331932773109223,18.14344537815126,41,18.729270510586815,4,2,10.193436072034913
Jahmyr Gibbs,RB,DET,17,21.582352941176474,13.52720570249625,17.09090909090909,5.032921810699588,8.0,0.2352941176470651,19.68980392156863,49,17.594779465721718,5,2,9.058945027169816
James Cook,RB,BUF,17,17.776470588235295,9.201598326633578,8.350730688935283,5.2459546925566345,8.818181818181818,1.1077205882352956,16.044485294117646,50,15.34830726671581,6,2,6.812472828163909
Javonte Williams,RB,DAL,16,15.175,6.0170313832210205,8.40197693574959,4.765873015873016,3.914285714285714,5.886764705882353,11.887745098039217,49,15.1359199967984,7,2,6.600085558246498
Travis Etienne,RB,JAX,17,14.935294117647059,6.944326927110232,10.358565737051793,4.257692307692308,8.11111111111111,6.255294117647059,13.409019607843137,49,14.728584274808108,8,2,6.192749836256207
Chase Brown,RB,CIN,17,16.623529411764707,7.3461324358267515,14.497528830313014,4.392241379310345,6.333333333333333,0.6860294117647072,12.339787581699348,45,14.625498504546094,9,3,6.089664065994192
Jaylen Warren,RB,PIT,16,13.56875,5.615421474238006,8.704061895551257,4.540284360189573,8.325,5.295416666666666,11.131674836601306,48,13.472748557728599,10,3,4.936914119176697
Cam Skattebo,RB,NYG,8,15.9625,8.618408454332753,6.36182902584493,4.0594059405940595,8.625,,15.9625,8,13.376977463700175,11,3,4.841143025148273
Kyren Williams,RB,LA,17,15.488235294117647,6.1148264849606715,8.605851979345955,4.833976833976834,7.805555555555555,-1.5180147058823543,17.914828431372552,45,13.198382936864741,12,3,4.662548498312839
D'Andre Swift,RB,CHI,16,14.287500000000001,6.6714191393835645,9.022556390977442,4.874439461883408,8.794117647058824,1.6698529411764724,13.120465686274509,49,12.787030140537874,13,3,4.2511957019859725
Josh Jacobs,RB,GB,15,15.806666666666667,9.019222857451798,9.843400447427292,3.97008547008547,7.833333333333333,-1.4345098039215696,15.659537456008044,45,12.670546868254656,14,3,4.134712429702754
Omarion Hampton,RB,LAC,9,15.077777777777776,8.07508169893311,6.493506493506493,4.395161290322581,6.0,,15.077777777777776,9,12.655253268097843,15,3,4.119418829545941
Derrick Henry,RB,BAL,17,16.441176470588236,10.002690814446469,5.159705159705159,5.195439739413681,10.0,-3.3470588235294123,16.91294117647059,51,12.43625157919547,16,4,3.900417140643569
Bucky Irving,RB,TB,10,13.85,5.608178551603602,6.481481481481481,3.398843930635838,9.233333333333333,-0.5264705882352949,14.113235294117647,27,12.00960525804833,17,4,3.473770819496428
Ashton Jeanty,RB,LV,17,14.41764705882353,8.685277434696433,14.807302231237324,3.6654135338345863,6.290909090909091,,14.41764705882353,17,11.8120638284146,18,4,3.2762293898626975
Phil Mafah,RB,DAL,1,10.9,,0.3294892915980231,3.6,5.5,,10.9,1,10.9,19,4,2.3641655614480985
Kenny Gainwell,RB,PIT,17,13.01764705882353,9.377915233016719,16.44100580270793,4.7105263157894735,6.657534246575342,,7.595416666666668,50,10.204272488918514,20,4,1.6684380503666123
Quinshon Judkins,RB,CLE,14,12.12857142857143,6.729662075346105,6.90978886756238,3.5956521739130434,6.576923076923077,,12.12857142857143,14,10.109672805967598,21,4,1.5738383674156964
Breece Hall,RB,NYJ,16,12.97875,7.621515050609468,10.38961038961039,4.382716049382716,9.722222222222221,-2.0775000000000006,15.041078431372549,49,10.069045484817158,22,4,1.5332110462652562
Rhamondre Stevenson,RB,NE,14,12.771428571428572,10.052969601177447,7.708333333333334,4.638461538461539,10.78125,1.0447619047619057,12.213253968253968,41,10.06896626250391,23,4,1.533131823952008
Saquon Barkley,RB,PHI,16,14.51875,7.193721220620105,10.775862068965516,4.071428571428571,7.378378378378378,-7.6875,17.55595238095238,46,10.054383633813968,24,4,1.5185491952620662
Rico Dowdle,RB,CAR,17,12.723529411764707,9.801819308919438,10.416666666666668,4.559322033898305,7.615384615384615,0.36102941176470615,10.268259803921568,49,9.891292442618287,25,5,1.355458004066385
RJ Harvey,RB,DEN,17,12.152941176470588,7.655971333464065,10.08695652173913,3.6986301369863015,7.574468085106383,,12.152941176470588,17,9.85614977643137,26,5,1.3203153378794674
Zach Charbonnet,RB,SEA,16,11.3375,6.6987436633048345,5.274725274725275,3.967391304347826,7.2,0.3433823529411768,9.654289215686275,49,9.430891606890905,27,5,0.8950571683390027
J.K. Dobbins,RB,DEN,10,11.59,4.099986449842108,2.4347826086956523,5.045751633986928,3.3636363636363638,-3.163846153846155,12.681282051282052,24,9.41085021889352,28,5,0.8750157803416183
TreVeyon Henderson,RB,NE,17,12.129411764705884,9.597054542011989,8.75,5.061111111111111,6.314285714285714,,12.129411764705884,17,9.250295402102287,29,5,0.7144609635503851
Tony Pollard,RB,TEN,17,10.929411764705883,5.6194711390266034,7.750472589792061,4.471074380165289,6.242424242424242,-1.6143382352941185,12.189093137254902,50,8.759268952409666,30,5,0.22343451385776447
Trey Benson,RB,ARI,4,8.850000000000001,1.0472185381603334,2.593192868719611,5.517241379310345,4.923076923076923,,6.383333333333334,16,8.535834438551902,31,5,0.0
James Conner,RB,ARI,3,11.1,3.966106403010389,1.4586709886547813,2.96875,4.75,-4.762500000000001,14.154166666666667,32,8.481418079096882,32,5,-0.05441635945502021
Tyrone Tracy Jr.,RB,NYG,15,10.72,7.660119357518431,9.542743538767395,4.204545454545454,8.0,-0.003529411764706225,10.721764705882354,32,8.42090536921506,33,5,-0.1149290693368421
Kenneth Walker III,RB,SEA,17,11.288235294117648,6.529632680417519,7.9120879120879115,4.647058823529412,9.096774193548388,-5.184491978609625,13.684765300059418,43,7.7739978964095044,34,5,-0.7618365421423974
Audric Estimé,RB,NO,5,9.620000000000001,6.550725150698967,2.3008849557522124,4.304347826086956,8.583333333333334,,6.683076923076923,18,7.654782454790311,35,5,-0.8810519837615907
Aaron Jones,RB,MIN,12,9.891666666666667,4.508871726100027,8.798283261802576,4.151515151515151,7.107142857142857,-4.320098039215685,12.122355912061794,40,7.242975737071955,36,5,-1.2928587014799469
Woody Marks,RB,HOU,16,9.06875,6.934524136521553,6.50994575045208,3.586734693877551,8.666666666666666,,9.06875,16,6.988392759043534,37,5,-1.5474416795083679
Kyle Monangai,RB,CHI,17,8.629411764705882,6.279606347722199,5.639097744360902,4.633136094674557,9.11111111111111,,8.629411764705882,17,6.745529860389222,38,5,-1.7903045781626794
Tyjae Spears,RB,TEN,13,8.592307692307692,5.551645632672283,9.45179584120983,3.9305555555555554,5.866666666666666,-0.8743589743589748,9.035344394167923,42,6.664506310198314,39,5,-1.8713281283535874
Kimani Vidal,RB,LAC,13,9.069230769230769,8.350188083249446,4.081632653061225,4.148387096774194,8.5,,6.351282051282052,22,6.564174344255935,40,5,-1.9716600942959666
Chris Rodriguez Jr.,RB,WAS,12,7.666666666666667,4.839859752538541,0.9259259259259258,4.464285714285714,10.0,,5.45925925925926,28,6.214708740905104,41,5,-2.3211256976467975
Jacory Croskey-Merritt,RB,WAS,17,8.25294117647059,7.468610785067296,3.009259259259259,4.6,7.555555555555555,,8.25294117647059,17,6.0123579409504,42,5,-2.523476497601502
David Montgomery,RB,DET,17,9.818823529411766,6.721701684053805,5.2727272727272725,4.531645569620253,8.0,-6.01831932773109,13.485322128851541,45,5.996817225876298,43,5,-2.5390172126756037
Bam Knight,RB,ARI,12,7.741666666666667,5.895986051132713,5.024311183144246,3.2804878048780486,7.2727272727272725,,4.645833333333334,14,5.972870851326853,44,5,-2.562963587225049
Jordan Mason,RB,MIN,16,8.05625,5.49969317325976,3.4334763948497855,4.767295597484277,3.642857142857143,-1.5270833333333336,6.811111111111111,44,5.948217048022072,45,5,-2.5876173905298296
Tyler Allgeier,RB,ATL,17,7.235294117647059,5.349876304232485,3.088803088803089,3.5944055944055946,6.857142857142857,0.9882352941176471,7.192156862745098,51,5.926801814612608,46,5,-2.609032623939294
Kareem Hunt,RB,KC,17,8.552941176470588,6.050425361809162,4.553734061930783,3.7484662576687118,7.944444444444445,-3.400904977375566,9.46892911010558,45,5.717542074715169,47,5,-2.8182923638367328
Miles Sanders,RB,DAL,4,6.675000000000001,2.882562517390849,1.3179571663920924,5.85,3.75,-0.3522727272727275,6.3924242424242435,31,5.704549426600928,48,5,-2.831285011950974
Jawhar Jordan,RB,HOU,4,7.425,6.505574532660433,1.2658227848101267,4.488372093023256,4.857142857142857,,7.425,4,5.47332764020187,49,5,-3.0625067983500323
Rachaad White,RB,TB,17,8.411764705882353,5.498054468734961,8.333333333333332,4.333333333333333,5.45,-4.894901960784313,12.492418300653595,49,5.29387777702657,50,5,-3.2419566615253315
Blake Corum,RB,LA,17,7.188235294117647,6.492965650700493,2.4096385542168677,5.144827586206897,4.5,,4.71078431372549,32,5.240345598907499,51,5,-3.2954888396444026
Isiah Pacheco,RB,KC,13,6.715384615384616,3.8948355022701007,4.735883424408015,3.9152542372881354,5.315789473684211,-1.4131868131868135,10.040842490842492,34,5.122977920747543,52,5,-3.412856517804359
Devin Neal,RB,NO,9,6.666666666666667,5.269013190342192,3.3628318584070795,3.6140350877192984,6.117647058823529,,6.666666666666667,9,5.08596270956401,53,5,-3.449871728987892
Michael Carter,RB,ARI,13,7.615384615384615,4.885496589199191,7.293354943273905,3.619565217391304,8.090909090909092,-4.317948717948717,6.981623931623932,31,4.854351023240243,54,5,-3.681483415311659
Raheim Sanders,RB,CLE,4,5.075,1.0531698185319718,0.7677543186180422,3.4074074074074074,7.0,,5.075,4,4.759049054440409,55,5,-3.776785384111493
Alvin Kamara,RB,NO,11,9.154545454545454,4.897828832526436,6.902654867256637,3.595419847328244,5.636363636363637,-9.795454545454545,15.342540792540794,38,4.74656044115116,56,5,-3.789273997400742
Devin Singletary,RB,NYG,17,6.3999999999999995,6.327420485474314,3.7773359840954273,3.672268907563025,8.38888888888889,-0.040000000000000924,7.561176470588236,49,4.489773854357705,57,5,-4.046060584194197
Ty Johnson,RB,BUF,17,5.9,5.2852388782343604,6.8893528183716075,4.0,10.958333333333334,0.5058823529411764,4.964705882352941,43,4.466193042412045,58,5,-4.069641396139857
Bhayshul Tuten,RB,JAX,15,5.906666666666666,4.918110361084786,2.788844621513944,3.6987951807228914,7.9,,5.906666666666666,15,4.431233558341231,59,5,-4.104600880210671
Austin Ekeler,RB,WAS,2,6.55,3.0405591591021537,1.6203703703703702,3.0714285714285716,7.6,-4.4750000000000005,10.272619047619047,28,4.295332252269353,60,5,-4.240502186282549
Chuba Hubbard,RB,CAR,15,8.360000000000001,6.147566301274953,8.125,3.8134328358208953,7.433333333333334,-7.746666666666668,11.733986928104576,47,4.191730109617515,61,5,-4.344104328934387
Dylan Sampson,RB,CLE,15,5.840000000000001,5.598060888761905,7.677543186180421,2.6923076923076925,8.212121212121213,,5.840000000000001,15,4.160581733371429,62,5,-4.375252705180473
Nick Chubb,RB,HOU,15,5.886666666666667,4.376539185029107,3.616636528028933,4.147540983606557,5.153846153846154,-2.025833333333333,8.449722222222222,25,3.9659549111579344,63,5,-4.569879527393967
Samaje Perine,RB,CIN,15,5.193333333333333,4.744239614923505,3.459637561779242,4.5476190476190474,5.117647058823529,,5.7056209150326795,49,3.770061448856282,64,5,-4.76577298969562
Jaylen Wright,RB,MIA,9,5.355555555555556,5.521121061684646,1.9955654101995564,4.114285714285714,8.8,,3.704700854700855,22,3.6992192370501624,65,5,-4.83661520150174
Kendre Miller,RB,NO,7,4.757142857142857,3.9135904839661593,0.8849557522123894,4.1063829787234045,6.0,,5.264285714285714,20,3.5830657119530094,66,5,-4.952768726598892
Emari Demercado,RB,ARI,12,4.858333333333333,4.298933976386859,3.2414910858995136,7.090909090909091,7.769230769230769,,5.243220668220668,36,3.5686531404172754,67,5,-4.967181298134626
Emanuel Wilson,RB,GB,17,5.5588235294117645,6.939655865344603,3.803131991051454,3.968,6.6,-0.08823529411764763,4.721960784313725,39,3.450456181573089,68,5,-5.085378256978813
Jeremy McNichols,RB,WAS,16,4.54375,3.7787067893659074,7.175925925925926,5.0227272727272725,7.84,,2.932361111111111,33,3.4101379631902278,69,5,-5.125696475361674
Justice Hill,RB,BAL,10,6.5200000000000005,8.560088265380863,6.6339066339066335,5.166666666666667,8.047619047619047,-1.953333333333334,7.274861111111112,41,3.3659735203857415,70,5,-5.16986091816616
Antonio Gibson,RB,NE,5,4.640000000000001,4.409421730794187,0.625,4.24,3.0,,6.228284313725491,38,3.3171734807617446,71,5,-5.218660957790157
Keaton Mitchell,RB,BAL,13,4.2615384615384615,3.268674160761633,2.9484029484029484,5.779661016949152,7.0,,5.3157509157509155,24,3.2809362133099715,72,5,-5.254898225241931
Najee Harris,RB,LAC,3,3.866666666666667,2.571640202931455,0.5565862708719851,4.066666666666666,8.333333333333334,,9.133986928104575,37,3.0951746057872307,73,5,-5.440659832764672
Jaleel McLaughlin,RB,DEN,8,3.925,2.833851493235714,1.0434782608695654,5.054054054054054,6.75,,5.411764705882352,41,3.0748445520292855,74,5,-5.460989886522617
Jaret Patterson,RB,LAC,6,4.283333333333333,4.316209757028343,0.7421150278293136,3.8780487804878048,2.6666666666666665,,4.283333333333333,6,2.98847040622483,75,5,-5.547364032327072
Trayveon Williams,RB,CLE,4,4.05,3.738538038681252,1.5355086372360844,5.285714285714286,7.857142857142857,,1.3578124999999999,27,2.9284385883956245,76,5,-5.607395850156277
Sean Tucker,RB,TB,17,5.376470588235295,8.235026518761543,2.037037037037037,3.7209302325581395,4.25,,3.716993464052288,37,2.9059626326068315,77,5,-5.62987180594507
Isaiah Davis,RB,NYJ,16,4.45,5.174295443181935,6.0606060606060606,5.488372093023256,8.857142857142858,,3.9903846153846154,29,2.89771136704542,78,5,-5.638123071506482
Cam Akers,RB,MIN,2,3.5900000000000003,2.3900209204105307,0.2145922746781116,3.8,NaN,,5.09469696969697,27,2.8729937238768413,79,5,-5.662840714675061
Braelon Allen,RB,NYJ,4,3.825,3.442261853297431,0.6493506493506493,4.222222222222222,8.5,,4.418382352941176,21,2.7923214440107706,80,5,-5.743512994541131
Brittain Brown,RB,CHI,2,4.85,6.858935777509511,0.18796992481203006,7.4,NaN,,4.85,2,2.7923192667471466,81,5,-5.743515171804756
Brian Robinson,RB,SF,17,3.676470588235294,3.202446215739756,2.3032629558541267,4.3478260869565215,3.125,,9.432474323062559,46,2.715736723513367,82,5,-5.820097715038535
Malik Davis,RB,DAL,10,4.0600000000000005,4.809989604978372,0.8237232289950577,4.8076923076923075,8.0,,2.0300000000000002,11,2.6170031185064886,83,5,-5.918831320045413
Jaydon Blue,RB,DAL,5,4.08,4.96960763038693,0.16474464579901155,3.3947368421052633,5.0,,4.08,5,2.5891177108839214,84,5,-5.94671672766798
Brashard Smith,RB,KC,17,3.7235294117647055,4.006639709869841,6.375227686703097,3.4318181818181817,6.88,,3.7235294117647055,17,2.5215374988037533,85,5,-6.0142969397481485
Jerome Ford,RB,CLE,13,3.353846153846154,3.28573060992919,6.142034548944338,3.0416666666666665,3.9615384615384617,,8.449601379013144,44,2.368126970867397,86,5,-6.1677074676845045
Zavier Scott,RB,MIN,11,3.563636363636364,4.668677056141863,3.4334763948497855,3.5625,7.0,,3.563636363636364,11,2.163033246793805,87,5,-6.3728011917580965
Tank Bigsby,RB,PHI,14,3.757142857142857,5.3156827893021905,0.8620689655172413,5.931034482758621,10.666666666666666,,3.731833791208791,44,2.1624380203522,88,5,-6.373396418199702
Ameer Abdullah,RB,IND,13,2.9153846153846152,2.7220844200251375,3.213610586011342,4.285714285714286,6.1875,,4.608183760683761,44,2.098759289377074,89,5,-6.437075149174827
Jacardia Wright,RB,SEA,1,2.0,,0.0,4.0,NaN,,2.0,1,2.0,90,5,-6.535834438551902
Ty Chandler,RB,MIN,3,2.9333333333333336,3.2331615074619044,0.8583690987124464,2.764705882352941,3.6666666666666665,,3.758134920634921,33,1.9633848810947623,91,5,-6.57244955745714
Ray Davis,RB,BUF,17,3.770588235294118,6.2619650176564345,2.7139874739039667,4.741379310344827,8.6,,5.3,34,1.8919987299971877,92,5,-6.643835708554715
Ollie Gordon II,RB,MIA,17,3.182352941176471,4.346296597983973,1.9955654101995564,2.842857142857143,4.571428571428571,,3.182352941176471,17,1.8784639617812788,93,5,-6.657370476770623
Hunter Luepke,RB,DAL,14,2.642857142857143,2.8280774349409135,2.471169686985173,4.4375,8.384615384615385,,1.944761904761905,38,1.7944339123748687,94,5,-6.741400526177033
Raheem Mostert,RB,LV,12,2.45,2.297231535407941,2.434077079107505,4.7272727272727275,5.833333333333333,,8.583504273504273,40,1.760830539377618,95,5,-6.775003899174283
Nate Carter,RB,ATL,2,2.0000000000000004,0.8485281374238574,0.0,6.666666666666667,NaN,,2.0000000000000004,2,1.7454415587728431,96,5,-6.790392879779059
Tyler Badie,RB,DEN,16,2.2125,1.6977926846349645,5.391304347826087,2.875,7.421052631578948,,2.6729166666666666,19,1.7031621946095106,97,5,-6.832672243942391
Corey Kiner,RB,ARI,4,2.325,2.0742468512691543,0.48622366288492713,4.833333333333333,7.5,,2.325,4,1.702725944619254,98,5,-6.833108493932648
Zamir White,RB,LV,5,1.92,1.4166862743741113,1.2170385395537524,2.6666666666666665,6.0,,3.7557051282051277,26,1.4949941176877666,99,5,-7.0408403208641355
Clyde Edwards-Helaire,RB,KC,2,2.1,2.2627416997969525,0.36429872495446264,1.8571428571428572,4.5,,3.9244444444444446,19,1.4211774900609142,100,5,-7.114656948490987
AJ Dillon,RB,PHI,6,1.5166666666666668,0.4070217029430576,0.646551724137931,5.0,7.0,,4.678333333333334,21,1.3945601557837495,101,5,-7.141274282768152
DJ Giddens,RB,IND,5,1.9200000000000004,1.7541379649275028,0.3780718336483932,3.6923076923076925,NaN,,1.9200000000000004,5,1.3937586105217497,102,5,-7.142075828030152
Chris Brooks,RB,GB,17,1.9235294117647062,2.0151083754244787,3.803131991051454,3.925925925925926,7.0,,3.0977421271538916,31,1.3189968991373626,103,5,-7.21683753941454
LeQuint Allen Jr.,RB,JAX,16,1.55,1.0526157893552615,2.1912350597609564,4.086956521739131,5.4,,1.55,16,1.2342152631934216,104,5,-7.30161917535848
Terrell Jennings,RB,NE,6,2.5333333333333337,4.408930331346444,0.20833333333333334,3.1739130434782608,9.0,,2.091666666666667,8,1.2106542339294004,105,5,-7.325180204622502
Tank Bigsby,RB,JAX,1,1.2000000000000002,,0.0,2.4,NaN,,3.731833791208791,44,1.2000000000000002,106,5,-7.335834438551902
George Holani,RB,SEA,10,2.08,3.2379005543716133,0.43956043956043955,3.3181818181818183,7.5,,1.3566666666666667,13,1.108629833688516,107,5,-7.427204604863386
Dare Ogunbowale,RB,HOU,14,1.7214285714285715,2.240253615940897,2.3508137432188065,2.272727272727273,7.6,,2.010846560846561,39,1.0493524866463024,108,5,-7.486481951905599
Dameon Pierce,RB,KC,1,1.0,,0.0,2.5,NaN,,2.9767857142857146,29,1.0,109,5,-7.535834438551902
Will Shipley,RB,PHI,14,1.3928571428571428,1.5779559737030227,2.586206896551724,3.5,6.222222222222222,,1.300274725274725,27,0.9194703507462361,110,5,-7.616364087805666
Evan Hull,RB,NO,6,1.0666666666666667,0.6713171133426189,0.17699115044247787,2.526315789473684,6.0,,1.3833333333333333,7,0.865271532663881,111,5,-7.670562905888021
Amar Johnson,RB,LAC,1,0.8,,0.1855287569573284,4.0,NaN,,0.8,1,0.8,112,5,-7.735834438551902
Rasheen Ali,RB,BAL,15,1.6133333333333333,2.9198499635296007,2.7027027027027026,3.4285714285714284,7.555555555555555,,1.1166666666666667,20,0.7373783442744531,113,5,-7.798456094277449
Kaleb Johnson,RB,PIT,10,0.8800000000000001,0.9089676684141313,0.3868471953578337,2.4642857142857144,9.0,,0.8800000000000001,10,0.6073096994757607,114,5,-7.928524739076141
Myles Gaskin,RB,SEA,1,0.6000000000000001,,0.0,2.0,NaN,,0.55,5,0.6000000000000001,115,5,-7.935834438551902
Khalil Herbert,RB,NYJ,5,1.32,2.405618423607535,0.8658008658008658,3.25,4.0,,4.066607142857142,28,0.5983144729177396,116,5,-7.937519965634162
Hassan Haskins,RB,LAC,11,0.9090909090909091,1.2786356364926996,0.7421150278293136,2.764705882352941,3.25,,1.821212121212121,23,0.5255002181430992,117,5,-8.010334220408803
Kene Nwangwu,RB,NYJ,10,1.09,2.0267379373433227,0.21645021645021645,3.769230769230769,NaN,,1.4175000000000002,20,0.4819786187970033,118,5,-8.053855819754899
D'Ernest Johnson,RB,NE,4,0.625,0.4991659710623979,0.0,1.9230769230769231,NaN,,1.4479166666666667,33,0.47525020868128065,119,5,-8.06058422987062
Trevor Etienne,RB,CAR,17,0.8058823529411765,1.2275333947775589,0.625,4.7,4.333333333333333,,0.8058823529411765,17,0.43762233450790883,120,5,-8.098212104043993
Dameon Pierce,RB,HOU,4,0.65,0.9949874371066201,0.18083182640144665,2.6,NaN,,2.9767857142857146,29,0.351503768868014,121,5,-8.184330669683888
Tyler Goodson,RB,IND,10,0.52,0.5769652406245016,0.5671077504725899,2.6666666666666665,4.0,,2.236031746031746,30,0.3469104278126496,122,5,-8.188924010739253
DeeJay Dallas,RB,JAX,3,0.7000000000000001,1.2124355652982142,0.199203187250996,10.5,NaN,,0.6825367647058824,38,0.3362693304105358,123,5,-8.199565108141366
Josh Williams,RB,TB,2,0.55,0.7778174593052023,0.0,2.75,NaN,,0.55,2,0.31665476220843936,124,5,-8.219179676343462
British Brooks,RB,HOU,8,0.9750000000000001,2.2147234590350107,0.0,4.588235294117647,NaN,,0.5375000000000001,10,0.3105829622894969,125,5,-8.225251476262406
Ronnie Rivers,RB,LA,6,0.7666666666666667,1.645195023900409,0.0,5.111111111111111,NaN,,2.016666666666667,21,0.27310815949654405,126,5,-8.262726279055357
Tahj Brooks,RB,CIN,12,0.5333333333333333,0.8988207762834525,0.3294892915980231,2.8125,9.0,,0.5333333333333333,12,0.2636871004482976,127,5,-8.272147338103604
Trayveon Williams,RB,LAC,2,0.45,0.6363961030678927,0.1855287569573284,-0.3333333333333333,0.0,,1.3578124999999999,27,0.2590811690796322,128,5,-8.27675326947227
Kendall Milton,RB,CIN,1,0.2,,0.0,1.0,NaN,,0.2,1,0.2,129,5,-8.335834438551903
Patrick Ricard,RB,BAL,5,0.42000000000000004,0.7823042886243179,0.4914004914004914,3.0,8.0,,1.3262433862433862,21,0.1853087134127047,130,5,-8.350525725139198
Owen Wright,RB,TB,2,0.30000000000000004,0.42426406871192857,0.0,2.0,NaN,,0.30000000000000004,2,0.17272077938642147,131,5,-8.36311365916548
Roschon Johnson,RB,CHI,6,0.2833333333333334,0.46654760385909894,0.0,8.5,NaN,,4.347948717948718,34,0.1433690521756037,132,5,-8.392465386376298
Kalel Mullings,RB,TEN,4,0.17500000000000002,0.20615528128088306,0.0,2.3333333333333335,NaN,,0.17500000000000002,4,0.11315341561573511,133,5,-8.422681022936167
Reggie Gilliam,RB,BUF,11,0.43636363636363634,1.1092995332846105,0.41753653444676403,2.0,12.0,,0.26545454545454544,23,0.10357377637825321,134,5,-8.432260662173649
Julius Chestnut,RB,TEN,16,0.25,0.644980619863884,0.3780718336483932,3.6363636363636362,NaN,,0.4527777777777778,29,0.056505814040834795,135,5,-8.479328624511068
Dylan Laube,RB,LV,17,0.33529411764705885,0.9333683466821849,0.8113590263691683,1.2857142857142858,6.0,,0.0009803921568627694,23,0.05528361364240336,136,5,-8.480550824909498
Craig Reynolds,RB,DET,5,0.08,0.1788854381999832,0.0,1.3333333333333333,NaN,,1.775277777777778,25,0.026334368540005045,137,5,-8.509500070011896
Sione Vaki,RB,DET,8,0.05,0.14142135623730953,0.0,4.0,NaN,,0.475,17,0.007573593128807142,138,5,-8.528260845423095
Jacob Saylors,RB,DET,11,0.1,0.33166247903554,0.0,5.5,NaN,,0.1,11,0.0005012562893380035,139,5,-8.535333182262564
Isaac Guerendo,RB,SF,7,0.0,0.0,0.0,NaN,NaN,,3.00625,23,0.0,140,5,-8.535834438551902
Avery Williams,RB,NYJ,1,0.0,,0.0,NaN,NaN,,0.0,18,0.0,141,5,-8.535834438551902
D'Ernest Johnson,RB,ARI,1,0.0,,0.0,0.0,NaN,,1.4479166666666667,33,0.0,142,5,-8.535834438551902
Jakob Johnson,RB,HOU,2,0.0,0.0,0.0,NaN,NaN,,0.09166666666666667,11,0.0,143,5,-8.535834438551902
Ulysses Bentley IV,RB,IND,1,0.0,,0.0,0.0,NaN,,0.0,1,0.0,144,5,-8.535834438551902
Robbie Ouzts,RB,SEA,4,0.0,0.0,0.0,NaN,NaN,,0.0,4,0.0,145,5,-8.535834438551902
DeeJay Dallas,RB,CAR,2,0.0,0.0,0.0,0.0,NaN,,0.6825367647058824,38,0.0,146,5,-8.535834438551902
Jordan Mims,RB,TEN,1,0.0,,0.0,NaN,NaN,,1.0875000000000001,11,0.0,147,5,-8.535834438551902
Lew Nichols III,RB,PIT,1,0.0,,0.0,NaN,NaN,,0.0,1,0.0,148,5,-8.535834438551902
Nyheim Hines,RB,NO,1,0.0,,0.0,NaN,NaN,,-0.03333333333333333,4,0.0,149,5,-8.535834438551902
Eric Gray,RB,NYG,1,0.0,,0.0,NaN,NaN,,0.8928571428571429,25,0.0,150,5,-8.535834438551902
Trey Sermon,RB,PIT,3,0.0,0.0,0.0,NaN,NaN,,2.041388888888889,26,0.0,151,5,-8.535834438551902
Cam Akers,RB,SEA,2,0.0,0.0,0.0,NaN,NaN,,5.09469696969697,27,0.0,152,5,-8.535834438551902
Elijah Mitchell,RB,KC,1,0.0,,0.18214936247723132,NaN,NaN,,2.159090909090909,12,0.0,153,5,-8.535834438551902
Brady Russell,RB,SEA,10,0.0,0.0,0.21978021978021978,NaN,NaN,,0.0,24,0.0,154,5,-8.535834438551902
Chase Edmonds,RB,WAS,3,0.0,0.0,0.0,NaN,NaN,,1.526923076923077,16,0.0,155,5,-8.535834438551902
Gary Brightwell,RB,CIN,2,0.0,0.0,0.0,NaN,NaN,,0.9666666666666667,7,0.0,156,5,-8.535834438551902
Travis Homer,RB,CHI,8,-0.025,0.07071067811865477,0.0,-2.0,NaN,,0.2583333333333333,23,-0.04621320343559643,157,5,-8.582047641987499
Nyheim Hines,RB,LAC,3,-0.06666666666666667,0.11547005383792516,0.0,-1.0,NaN,,-0.03333333333333333,4,-0.10130768281804421,158,5,-8.637142121369946
Trey McBride,TE,ARI,17,18.582352941176474,8.366468437617335,27.39059967585089,NaN,9.833333333333334,3.344852941176473,14.832107843137257,50,17.075868292244216,1,1,7.7098114199912136
Tucker Kraft,TE,GB,8,14.649999999999999,9.870446508933334,9.843400447427292,3.0,15.28125,5.044117647058821,9.954341736694678,39,13.202101341437643,2,1,3.8360444691846407
George Kittle,TE,SF,11,14.681818181818182,8.260244328325667,13.24376199616123,-3.0,11.017543859649123,-1.0915151515151535,14.385050505050506,42,11.876290337865935,3,1,2.5102334656129326
Brock Bowers,TE,LV,12,14.683333333333332,10.123674623316766,17.44421906693712,1.0,10.625,-0.7696078431372566,15.06813725490196,29,11.415348593397127,4,2,2.049291721144124
Kyle Pitts,TE,ATL,17,12.4,9.940636297541522,22.779922779922778,NaN,10.545454545454545,4.682352941176472,9.398039215686275,51,10.822514993090484,5,2,1.4564581208374818
Dallas Goedert,TE,PHI,15,12.34,7.17414006793049,17.67241379310345,NaN,9.85,1.9800000000000004,10.811904761904762,39,10.781757979620853,6,2,1.41570110736785
Sam LaPorta,TE,DET,9,11.877777777777778,6.454219119649135,8.90909090909091,NaN,12.225,0.9652777777777786,12.288916122004357,42,10.23109537521637,7,2,0.8650385029633672
Jake Ferguson,TE,DAL,17,11.064705882352941,7.0894235640557,16.80395387149918,1.0,7.317073170731708,3.6075630252100837,9.646498599439775,48,10.020147720699256,8,2,0.6540908484462538
Harold Fannin Jr.,TE,CLE,16,11.65,5.72910696938595,20.537428023032632,1.8571428571428572,10.152777777777779,,11.65,16,9.931267909184216,9,3,0.5652110369312133
Juwan Johnson,TE,NO,17,10.58235294117647,4.82457709210321,18.053097345132745,NaN,11.545454545454545,2.395686274509803,8.764032176973354,45,9.853685695898449,10,3,0.487628823645446
Dalton Schultz,TE,HOU,17,10.452941176470588,5.639161911031065,19.168173598553345,NaN,9.475609756097562,3.5,9.14640522875817,49,9.81119260316127,11,3,0.44513573090826775
Tyler Warren,TE,IND,17,11.088235294117647,4.878381180389297,21.17202268431002,1.3333333333333333,10.75,,11.088235294117647,17,9.624720940000858,12,3,0.2586640677478549
Brenton Strange,TE,JAX,12,9.833333333333334,4.741180009110377,11.952191235059761,NaN,11.73913043478261,3.326190476190477,6.137301587301587,33,9.408836473457363,13,3,0.04277960120436042
Dalton Kincaid,TE,BUF,12,10.508333333333335,6.562075383088291,10.22964509394572,NaN,14.64102564102564,2.754487179487181,9.218643162393162,41,9.366056872253003,14,3,0.0
Travis Kelce,TE,KC,17,11.364705882352942,6.405265526938616,19.672131147540984,1.0,11.197368421052632,-0.8477941176470587,12.734624183006536,48,9.18878798897724,15,3,-0.1772688832757634
Hunter Henry,TE,NE,17,10.51764705882353,7.275492706177848,18.125,NaN,12.8,1.430147058823529,9.609407993966817,46,8.764043364617235,16,4,-0.6020135076357676
Albert Okwuegbunam,TE,LV,1,8.6,,1.2170385395537524,NaN,7.2,,4.3,2,8.6,17,4,-0.766056872253003
Colston Loveland,TE,CHI,16,10.31875,8.500056372362087,15.413533834586465,-2.0,12.293103448275861,,10.31875,16,7.768733088291373,18,4,-1.5973237839616292
AJ Barner,TE,SEA,17,8.664705882352942,6.492875054287448,14.945054945054945,1.4,9.98076923076923,3.431372549019609,6.949019607843137,32,7.746255130772591,19,4,-1.619801741480412
Zach Ertz,TE,WAS,13,9.723076923076924,6.084427369133139,16.666666666666664,NaN,10.08,-0.712217194570135,9.181361775479424,37,7.684083553965942,20,4,-1.6819733182870609
Theo Johnson,TE,NYG,15,8.52,5.823744499890084,14.7117296222664,NaN,11.733333333333333,2.329090909090909,7.3554545454545455,26,7.471603922760247,21,4,-1.8944529494927558
Jake Tonges,TE,SF,10,9.330000000000002,6.441195541201959,8.829174664107486,NaN,8.617647058823529,,4.665000000000001,12,7.397641337639414,22,4,-1.9684155346135883
Darren Waller,TE,MIA,9,9.855555555555556,8.907315969346646,7.5388026607538805,4.0,11.791666666666666,,9.644444444444446,21,7.183360764751562,23,4,-2.1826961075014406
Colby Parkinson,TE,LA,14,9.271428571428572,7.272332032217257,9.63855421686747,NaN,9.488372093023257,,5.824087301587302,45,7.089728961763395,24,4,-2.2763279104896075
Oronde Gadsden II,TE,LAC,15,8.76,7.544420833588601,12.80148423005566,NaN,13.551020408163266,,8.76,15,6.496673749923419,25,5,-2.869383122329584
Chig Okonkwo,TE,TEN,17,7.294117647058823,4.482670881884384,14.933837429111533,NaN,10.0,0.19411764705882284,7.021568627450981,50,6.007551676611155,26,5,-3.3585051956418477
T.J. Hockenson,TE,MIN,15,7.52,4.039660523219388,14.163090128755366,0.0,8.588235294117647,-1.1300000000000008,10.256666666666666,40,5.969101843034183,27,5,-3.3969550292188195
Greg Dulcich,TE,MIA,9,6.977777777777778,3.9622524458247796,7.317073170731707,-7.0,12.884615384615385,,3.0819444444444444,15,5.789102044030344,28,5,-3.576954828222659
Cade Otton,TE,TB,15,8.146666666666667,5.978636570163405,15.0,NaN,9.694915254237289,-1.8961904761904762,8.38670401493931,46,5.784218552760502,29,5,-3.5818383194925003
Mason Taylor,TE,NYJ,13,6.838461538461539,5.198483506680652,14.06926406926407,NaN,8.386363636363637,,6.838461538461539,13,5.2789164864573435,30,5,-4.087140385795659
Shane Zylstra,TE,DET,1,5.0,,0.9090909090909091,NaN,6.666666666666667,,3.3,3,5.0,31,5,-4.366056872253003
Dawson Knox,TE,BUF,16,6.48125,5.224712910773184,10.22964509394572,NaN,11.583333333333334,,5.387559523809524,40,4.913836126768045,32,5,-4.452220745484958
Pat Freiermuth,TE,PIT,15,7.573333333333334,6.448418041511829,10.444874274661508,NaN,11.853658536585366,-2.444313725490195,8.190932857991681,43,4.9055138032327275,33,5,-4.460543069020275
Darnell Washington,TE,PIT,13,5.6461538461538465,2.9136504550750377,8.317214700193423,NaN,11.741935483870968,,3.5817307692307696,34,4.772058709631335,34,5,-4.593998162621667
Tyler Higbee,TE,LA,10,7.109999999999999,6.277906586682468,6.196213425129088,NaN,11.24,-1.7566666666666677,7.736666666666667,28,4.699628023995259,35,5,-4.666428848257744
Mark Andrews,TE,BAL,17,7.705882352941177,6.786150472491317,17.1990171990172,4.8,8.791666666666666,-3.4000000000000012,10.78392156862745,44,4.650037211193781,36,5,-4.716019661059222
David Njoku,TE,CLE,11,7.845454545454545,5.045069600384843,9.213051823416507,NaN,8.878787878787879,-5.654545454545455,11.306818181818182,38,4.635570028975455,37,5,-4.730486843277547
Gunnar Helm,TE,TEN,16,5.73125,3.9886035568019715,10.396975425330812,NaN,8.113636363636363,,5.73125,16,4.534668932959409,38,5,-4.8313879392935934
Brenden Bates,TE,HOU,1,4.300000000000001,,0.3616636528028933,NaN,11.5,,1.8083333333333336,6,4.300000000000001,39,5,-5.066056872253002
Evan Engram,TE,DEN,16,6.425,3.9116066605253996,13.217391304347824,7.0,9.22,-3.519444444444445,9.972167755991284,42,4.195684668509046,40,5,-5.170372203743956
Michael Mayer,TE,LV,13,5.676923076923076,5.60240333043981,10.141987829614605,NaN,9.371428571428572,,4.8321678321678325,37,3.996202077791133,41,5,-5.36985479446187
Cole Kmet,TE,CHI,16,4.91875,3.2408267977991874,9.022556390977442,NaN,11.566666666666666,,7.920833333333333,48,3.9465019606602443,42,5,-5.419554911592758
Tanner Hudson,TE,CIN,10,4.779999999999999,3.150238086240467,3.9538714991762767,NaN,8.842105263157896,,5.247037037037036,31,3.834928574127859,43,5,-5.531128298125143
Noah Fant,TE,CIN,13,5.753846153846154,4.726100468782445,6.754530477759473,NaN,8.470588235294118,-1.674725274725275,6.025250305250306,42,3.8335984307938378,44,5,-5.532458441459164
Austin Hooper,TE,NE,13,4.561538461538462,2.9420906573213266,5.416666666666667,NaN,12.523809523809524,,4.658257918552036,46,3.678911264342064,45,5,-5.687145607910939
Hunter Long,TE,JAX,7,4.642857142857143,3.5874118539030073,3.386454183266932,NaN,7.083333333333333,,2.1233766233766236,19,3.5666335866862413,46,5,-5.799423285566761
Ja'Tavion Sanders,TE,CAR,12,4.5,3.842584357623726,7.083333333333333,NaN,6.551724137931035,,4.6899999999999995,27,3.3472246927128824,47,5,-6.01883217954012
Brock Wright,TE,DET,8,4.6000000000000005,4.214261501141095,4.0,NaN,7.714285714285714,,3.634680134680135,28,3.3357215496576718,48,5,-6.030335322595331
Mike Gesicki,TE,CIN,12,5.891666666666667,5.580560143493798,6.919275123558484,NaN,10.964285714285714,-2.9520833333333334,6.365138888888889,43,3.3318736236185273,49,5,-6.034183248634475
Davis Allen,TE,LA,15,4.1866666666666665,2.9269356639585338,5.679862306368331,NaN,8.666666666666666,,3.0812698412698407,29,3.3085859674791065,50,5,-6.057470904773896
Jackson Hawes,TE,BUF,13,4.053846153846154,2.6266630873332373,3.966597077244259,NaN,11.6875,,4.053846153846154,13,3.2658472276461827,51,5,-6.10020964460682
Terrance Ferguson,TE,LA,11,4.736363636363636,5.202551821418548,4.3029259896729775,0.0,21.0,,4.736363636363636,11,3.175598089938072,52,5,-6.190458782314931
Josh Oliver,TE,MIN,12,4.583333333333333,4.999787874288147,4.07725321888412,NaN,10.666666666666666,,4.722222222222222,37,3.0833969710468887,53,5,-6.282659901206114
Moliki Matavao,TE,NO,1,3.0,,0.35398230088495575,NaN,5.0,,3.0,1,3.0,54,5,-6.366056872253003
Luke Musgrave,TE,GB,13,3.784615384615385,2.6245146071372747,6.935123042505594,NaN,10.5,,4.087945387945388,31,2.9972610024742026,55,5,-6.3687958697788005
Isaiah Likely,TE,BAL,12,5.141666666666667,4.102872238573924,8.845208845208845,NaN,11.37037037037037,-3.1049999999999995,6.869920634920635,41,2.9793049950944894,56,5,-6.386751877158513
Daniel Bellinger,TE,NYG,13,4.584615384615384,5.368091863633694,5.168986083499006,NaN,15.052631578947368,,3.466697191697192,39,2.9741878255252763,57,5,-6.391869046727726
Tommy Tremble,TE,CAR,15,4.260000000000001,4.541365433435192,7.708333333333334,NaN,9.222222222222221,,4.642222222222222,40,2.897590369969443,58,5,-6.46846650228356
Jeremy Ruckert,TE,NYJ,14,3.3500000000000005,2.333946805800786,6.277056277056277,NaN,7.782608695652174,,2.8319047619047617,38,2.6498159582597647,59,5,-6.7162409139932375
Cade Stover,TE,HOU,6,3.316666666666667,2.2622260423456066,2.8933092224231465,0.75,6.333333333333333,,2.8833333333333333,20,2.637998853962985,60,5,-6.728058018290017
Adam Trautman,TE,DEN,13,3.5,2.9337120967584167,4.0,NaN,9.75,,3.5480769230769234,42,2.619886370972475,61,5,-6.7461705012805275
Will Mallory,TE,IND,1,2.6,,0.1890359168241966,NaN,16.0,,2.3679653679653683,19,2.6,62,5,-6.766056872253003
James Mitchell,TE,CAR,2,2.9000000000000004,1.1313708498984762,0.625,NaN,9.333333333333334,,2.6500000000000004,4,2.5605887450304574,63,5,-6.805468127222545
Mitchell Evans,TE,CAR,14,3.442857142857143,3.206175360076308,5.208333333333334,1.0,9.0,,3.442857142857143,14,2.4810045348342507,64,5,-6.885052337418752
Ben Sinnott,TE,WAS,9,3.1555555555555554,2.3722937798210784,3.009259259259259,NaN,10.363636363636363,,2.5634920634920633,16,2.443867421609232,65,5,-6.922189450643771
Zaire Mitchell-Paden,TE,NO,1,2.4000000000000004,,0.17699115044247787,NaN,14.0,,1.5250000000000001,3,2.4000000000000004,66,5,-6.966056872253002
Elijah Higgins,TE,ARI,17,3.4176470588235297,3.9509864739893836,5.9967585089141,NaN,10.033333333333333,,3.332549019607843,43,2.232351116626715,67,5,-7.133705755626288
Julian Hill,TE,MIA,11,2.8181818181818183,1.996906698780983,4.434589800443459,NaN,9.333333333333334,,1.7565367965367964,35,2.2191098085475236,68,5,-7.146947063705479
Noah Gray,TE,KC,14,2.771428571428572,2.032591589923704,6.739526411657559,NaN,8.476190476190476,,4.755059523809524,46,2.1616510944514604,69,5,-7.204405777801542
Tyler Conklin,TE,LAC,6,2.8833333333333333,2.685082245791862,1.855287569573284,2.0,14.428571428571429,,5.914419934640523,39,2.0778086595957745,70,5,-7.288248212657228
Will Dissly,TE,LAC,8,2.5875000000000004,1.8604434955139058,2.9684601113172544,NaN,8.818181818181818,,4.339935897435898,36,2.029366951345829,71,5,-7.336689920907174
Ian Thomas,TE,LV,9,2.711111111111111,2.452266525300851,2.636916835699797,NaN,8.76923076923077,,1.7564814814814813,20,1.9754311535208555,72,5,-7.390625718732148
Taysom Hill,TE,NO,13,3.213846153846154,4.163567257495946,2.831858407079646,2.1923076923076925,8.272727272727273,,8.325448717948719,37,1.96477597659737,73,5,-7.401280895655633
John Bates,TE,WAS,10,2.73,2.6549952918978974,3.7037037037037033,NaN,9.363636363636363,,2.037008547008547,38,1.9335014124306307,74,5,-7.432555459822372
Mo Alie-Cox,TE,IND,11,2.790909090909091,3.1700014338970086,3.780718336483932,NaN,9.0,,3.0076839826839827,37,1.8399086607399884,75,5,-7.526148211513014
Elijah Arroyo,TE,SEA,13,2.838461538461538,3.334551059622685,5.714285714285714,NaN,11.933333333333334,,2.838461538461538,13,1.8380962205747327,76,5,-7.52796065167827
Charlie Kolar,TE,BAL,13,2.784615384615385,3.2320906943355188,3.6855036855036856,NaN,14.2,,2.6752421652421656,32,1.8149881763147293,77,5,-7.551068695938273
Drew Sample,TE,CIN,12,2.658333333333333,2.8509833497595283,3.2948929159802307,3.0,7.066666666666666,,3.1897907647907644,37,1.8030383284054747,78,5,-7.563018543847528
Tanner Conner,TE,MIA,8,2.2625,1.5918879178061323,3.325942350332594,NaN,10.11111111111111,,1.70625,12,1.7849336246581604,79,5,-7.581123247594842
Ben Sims,TE,MIN,3,2.0,0.7549834435270748,1.2875536480686696,NaN,10.0,,2.022222222222222,13,1.7735049669418776,80,5,-7.592551905311125
Anthony Firkser,TE,DET,5,2.66,3.094834405909305,1.8181818181818181,NaN,6.625,,1.33,6,1.7315496782272088,81,5,-7.634507194025794
Lucas Krull,TE,DEN,2,1.75,0.21213203435596414,0.6956521739130435,NaN,7.5,,2.8423809523809527,19,1.6863603896932107,82,5,-7.679696482559792
Josh Whyle,TE,GB,6,2.433333333333333,2.54296414970142,1.342281879194631,NaN,7.2,,3.0659259259259257,30,1.670444088422907,83,5,-7.695612783830096
Nate Adkins,TE,DEN,6,2.8000000000000003,4.032369030731191,1.9130434782608694,NaN,8.0,,2.3133333333333335,26,1.590289290780643,84,5,-7.77576758147236
Grant Calcaterra,TE,PHI,9,2.511111111111111,3.0803589256953665,2.8017241379310347,NaN,8.444444444444445,,3.0437037037037036,27,1.5870034334025012,85,5,-7.779053438850502
Keleki Latu,TE,BUF,3,2.5,3.195309061734091,0.8350730688935281,NaN,8.75,,2.5,3,1.5414072814797728,86,5,-7.82464959077323
Luke Schoonmaker,TE,DAL,14,1.942857142857143,1.428670326247067,3.789126853377265,NaN,9.428571428571429,,2.96984126984127,38,1.514256044983023,87,5,-7.8518008272699795
John FitzPatrick,TE,GB,11,2.290909090909091,2.722665805953623,3.3557046979865772,NaN,6.0,,1.4080808080808083,15,1.4741093491230042,88,5,-7.891947523129998
Jonnu Smith,TE,PIT,17,5.011764705882353,3.916452851902659,10.444874274661508,7.777777777777778,5.842105263157895,-8.064705882352943,8.464705882352941,51,1.4174170856056723,89,5,-7.94863978664733
Foster Moreau,TE,NO,7,1.842857142857143,1.4547131937912974,1.7699115044247788,NaN,8.428571428571429,,3.9535485347985344,36,1.4064431847197538,90,5,-7.959613687533249
Drake Dabney,TE,GB,1,1.3,,0.44742729306487694,NaN,3.0,,1.3,1,1.3,91,5,-8.066056872253002
Luke Farrell,TE,SF,13,2.269230769230769,3.3224952007451205,2.6871401151631478,NaN,7.7272727272727275,,2.225854700854701,35,1.272482209007233,92,5,-8.09357466324577
Cam Grandy,TE,CIN,2,1.35,0.3535533905932738,0.3294892915980231,NaN,3.5,,1.6500000000000001,6,1.243933982822018,93,5,-8.122122889430985
Johnny Mundt,TE,JAX,12,1.675,1.4441889828487886,3.7848605577689245,NaN,12.333333333333334,,2.97452380952381,36,1.2417433051453635,94,5,-8.12431356710764
Charlie Woerner,TE,ATL,7,1.8285714285714287,1.987221079560002,1.7374517374517375,NaN,6.0,,1.1384126984126983,29,1.2324051047034281,95,5,-8.133651767549575
Tip Reiman,TE,ARI,3,1.5999999999999999,1.4422205101855958,0.8103727714748784,NaN,6.0,,1.40625,11,1.167333846944321,96,5,-8.19872302530868
Stone Smartt,TE,NYJ,6,2.033333333333333,3.4696781791207476,1.948051948051948,NaN,7.428571428571429,,2.869444444444444,27,0.9924298795971089,97,5,-8.373626992655893
Sal Cannella,TE,CLE,2,1.55,2.1920310216782974,0.9596928982725527,NaN,5.5,,1.55,2,0.8923906934965108,98,5,-8.473666178756492
Jack Stoll,TE,NO,9,1.8444444444444446,3.201995905334324,1.9469026548672566,NaN,7.666666666666667,,1.3037037037037038,20,0.8838456728441474,99,5,-8.482211199408855
Quintin Morris,TE,JAX,11,1.5909090909090908,2.383885293152565,1.7928286852589643,NaN,9.166666666666666,,2.7836363636363637,23,0.8757435029633213,100,5,-8.490313369289682
Brevyn Spann-Ford,TE,DAL,16,1.5,2.193323201597673,2.14168039538715,NaN,10.0,,1.559090909090909,27,0.8420030395206981,101,5,-8.524053832732305
Devin Culp,TE,TB,4,1.9,3.8,0.1851851851851852,NaN,6.0,,4.3999999999999995,6,0.76,102,5,-8.606056872253003
Brenden Bates,TE,CLE,4,1.125,1.403269990652785,0.5758157389635317,NaN,12.5,,1.8083333333333336,6,0.7040190028041645,103,5,-8.662037869448838
Durham Smythe,TE,CHI,7,0.9285714285714286,0.9141741003300662,1.1278195488721803,NaN,6.25,,2.4858974358974364,34,0.6543191984724088,104,5,-8.711737673780593
Eric Saubert,TE,SEA,9,1.011111111111111,1.237380746218039,1.5384615384615385,NaN,7.75,,1.5453703703703703,24,0.6398968872456994,105,5,-8.726159985007303
Tucker Fisk,TE,LAC,4,0.9750000000000001,1.14418821295566,0.7421150278293136,NaN,9.5,,1.1607142857142858,13,0.6317435361133021,106,5,-8.734313336139701
David Martin-Robinson,TE,TEN,11,1.1818181818181819,2.1674031382362537,1.1342155009451798,NaN,7.5,,0.790909090909091,15,0.5315972403473058,107,5,-8.834459631905696
Josiah Deguara,TE,ARI,7,1.5857142857142856,3.5404465685506263,0.8103727714748784,NaN,7.0,,1.2751322751322751,23,0.5235803151490979,108,5,-8.842476557103904
Ross Dwelley,TE,DET,4,0.675,0.7804912982645396,0.9090909090909091,NaN,3.5,,0.7166666666666668,10,0.4408526105206382,109,5,-8.925204261732365
Jared Wiley,TE,KC,2,0.7,0.9899494936611665,0.18214936247723132,NaN,4.0,,1.2000000000000002,3,0.40301515190165005,110,5,-8.963041720351352
Jelani Woods,TE,NYJ,2,0.7,0.9899494936611665,0.6493506493506493,NaN,4.0,,0.7,2,0.40301515190165005,111,5,-8.963041720351352
Zaire Mitchell-Paden,TE,BAL,2,0.65,0.9192388155425119,0.4914004914004914,NaN,3.0,,1.5250000000000001,3,0.37422835533724647,112,5,-8.991828516915756
Andrew Ogletree,TE,IND,11,1.1545454545454545,2.653813722311209,1.1342155009451798,NaN,6.75,,2.1861111111111113,34,0.35840133785209183,113,5,-9.00765553440091
Robert Tonyan,TE,KC,2,0.55,0.7778174593052023,0.18214936247723132,NaN,1.0,,1.2,14,0.31665476220843936,114,5,-9.049402110044563
Harrison Bryant,TE,HOU,5,0.54,0.7469939758793239,1.0849909584086799,NaN,3.5,,2.06015873015873,25,0.31590180723620287,115,5,-9.0501550650168
Kylen Granson,TE,PHI,12,0.9166666666666666,2.0076369344595304,1.9396551724137931,NaN,5.714285714285714,,2.598611111111111,43,0.3143755863288076,116,5,-9.051681285924195
Ben Yurosek,TE,MIN,6,0.5666666666666667,0.8869423130433379,0.6437768240343348,NaN,7.0,,0.5666666666666667,6,0.3005839727536653,117,5,-9.065472899499337
Carter Runyon,TE,LV,3,0.43333333333333335,0.7505553499465135,0.2028397565922921,NaN,3.0,,0.43333333333333335,3,0.2081667283493793,118,5,-9.157890143903623
Chris Manhertz,TE,NYG,4,0.42500000000000004,0.8500000000000001,0.3976143141153081,NaN,7.0,,0.8130952380952382,19,0.17000000000000004,119,5,-9.196056872253003
Pharaoh Brown,TE,ARI,5,0.42000000000000004,0.9391485505499118,0.3241491085899514,NaN,0.5,,1.7021212121212124,26,0.1382554348350265,120,5,-9.227801437417977
Colson Yankoff,TE,WAS,10,0.38,0.8350648677398262,0.6944444444444444,NaN,9.0,,0.19,14,0.12948053967805212,121,5,-9.23657633257495
Blake Whiteheart,TE,CLE,9,0.26666666666666666,0.5385164807134504,1.1516314779270633,NaN,2.0,,1.3547619047619048,16,0.10511172245263156,122,5,-9.26094514980037
Payne Durham,TE,TB,8,0.2625,0.7424621202458749,0.7407407407407408,NaN,11.0,,2.125,22,0.03976136392623755,123,5,-9.326295508326766
Feleipe Franks,TE,ATL,10,0.04,0.0843274042711568,0.0,2.0,NaN,,0.14222222222222222,19,0.014701778718652962,124,5,-9.35135509353435
Cameron Latu,TE,PHI,10,0.0,0.0,0.0,NaN,NaN,,0.0,10,0.0,125,5,-9.366056872253003
Princeton Fant,TE,DAL,1,0.0,,0.0,NaN,NaN,,0.0,2,0.0,126,5,-9.366056872253003
Travis Vokolek,TE,ARI,1,0.0,,0.0,NaN,NaN,,0.0,1,0.0,127,5,-9.366056872253003
Marcedes Lewis,TE,DEN,1,0.0,,0.0,NaN,NaN,,0.7966666666666667,12,0.0,128,5,-9.366056872253003
Hayden Rucci,TE,MIA,1,0.0,,0.0,NaN,NaN,,0.0,1,0.0,129,5,-9.366056872253003
E.J. Jenkins,TE,PHI,1,0.0,,0.0,NaN,NaN,,1.925,3,0.0,130,5,-9.366056872253003
Thomas Fidone II,TE,NYG,1,0.0,,0.0,NaN,NaN,,0.0,1,0.0,131,5,-9.366056872253003
Ko Kieft,TE,TB,2,0.0,0.0,0.0,NaN,NaN,,0.24,15,0.0,132,5,-9.366056872253003
Justin Shorter,TE,LV,3,0.0,0.0,0.0,NaN,NaN,,0.0,4,0.0,133,5,-9.366056872253003
Nikola Kalinic,TE,CHI,2,0.0,0.0,0.0,NaN,NaN,,0.0,2,0.0,134,5,-9.366056872253003
Nick Kallerup,TE,SEA,4,0.0,0.0,0.21978021978021978,NaN,NaN,,0.0,4,0.0,135,5,-9.366056872253003
Teagan Quitoriano,TE,ATL,2,0.0,0.0,0.0,NaN,NaN,,0.8833333333333334,5,0.0,136,5,-9.366056872253003
Giovanni Ricci,TE,DET,2,0.0,0.0,0.18181818181818182,NaN,NaN,,0.3,4,0.0,137,5,-9.366056872253003
Brayden Willis,TE,SF,6,0.0,0.0,0.19193857965451055,NaN,NaN,,0.0,12,0.0,138,5,-9.366056872253003
Puka Nacua,WR,LA,16,23.4375,10.20881155342449,28.57142857142857,10.5,13.294573643410853,4.655681818181819,19.92604723707665,44,21.7715610794272,1,1,11.721780923265726
Jaxon Smith-Njigba,WR,SEA,17,21.17058823529412,7.481206846649338,35.824175824175825,5.142857142857143,15.067226890756302,6.288235294117648,14.954901960784314,51,20.81269676953461,2,1,10.762916613373136
Rashee Rice,WR,KC,8,18.7625,8.111532795083447,14.207650273224044,4.0,10.773584905660377,2.537499999999998,16.089583333333334,28,17.090290161474964,3,1,7.0405100053134895
Chris Olave,WR,NO,16,16.75,7.914290871581611,27.61061946902655,-3.0,11.63,7.1625,13.597916666666668,40,16.524462738525514,4,2,6.474682582364039
Amon-Ra St. Brown,WR,DET,17,19.058823529411764,10.92920736052765,31.272727272727273,3.0,11.974358974358974,0.46000000000000085,19.446299019607846,50,15.91806132125347,5,2,5.868281165091995
George Pickens,WR,DAL,17,17.170588235294115,9.650632408415158,22.57001647446458,NaN,15.365591397849462,5.4277310924369715,13.731932773109243,48,15.90371784050066,6,2,5.853937684339185
Ja'Marr Chase,WR,CIN,16,19.6,10.26268320989529,30.477759472817134,4.666666666666667,11.296,-4.105882352941176,19.908627450980394,49,15.289430331149061,7,2,5.239650174987586
Drake London,WR,ATL,12,16.825,11.453949299060762,21.62162162162162,NaN,13.514705882352942,0.30735294117646816,14.747132352941177,45,13.48102109263471,8,2,3.4312409364732357
CeeDee Lamb,WR,DAL,13,15.453846153846154,5.9845099193132745,19.27512355848435,2.0,14.36,-2.1061538461538483,18.910497737556565,45,13.026647024206017,9,3,2.9768668680445423
Jakobi Meyers,WR,JAX,9,11.955555555555556,4.5114052996575005,12.151394422310757,2.6,11.5,7.165079365079366,12.47324900793651,47,12.751657775182116,10,3,2.7018776190206406
Zay Flowers,WR,BAL,17,14.311764705882354,7.483054385822441,28.992628992628994,6.2,14.081395348837209,1.988235294117647,13.17843137254902,50,12.663318978370915,11,3,2.6135388222094402
Christian Watson,WR,GB,10,13.24,7.669738515027021,12.304250559284116,3.0,17.457142857142856,5.718571428571429,10.672328042328042,33,12.654649874063322,12,3,2.604869717901847
Nico Collins,WR,HOU,15,15.080000000000002,6.499252704294988,21.699819168173597,7.5,15.732394366197184,-2.469999999999999,16.663333333333334,42,12.389224188711506,13,3,2.3394440325500305
Tyreek Hill,WR,MIA,4,13.375,4.006141119165258,6.430155210643015,NaN,12.619047619047619,0.5397058823529424,16.57843137254902,37,12.335069428956306,14,3,2.285289272794831
Wan'Dale Robinson,WR,NYG,16,13.61875,8.190011701253342,27.833001988071572,1.6666666666666667,11.021739130434783,2.8716911764705877,11.081936274509806,48,12.023253842565174,15,3,1.9734736864036986
Quentin Johnston,WR,LAC,13,13.169230769230769,7.442936765303578,15.584415584415584,3.5,14.411764705882353,1.5225641025641004,10.115103066867773,45,11.393118970408926,16,4,1.343338814247451
Michael Wilson,WR,ARI,17,12.976470588235294,10.602919964080927,20.42139384116694,NaN,12.897435897435898,5.195220588235294,9.855137631975866,46,11.354160775481605,17,4,1.3043806193201295
Rashid Shaheed,WR,NO,9,11.600000000000001,4.691215194381941,11.68141592920354,2.5,11.340909090909092,3.7666666666666675,10.385000000000002,39,11.322635441685419,18,4,1.272855285523944
A.J. Brown,WR,PHI,15,14.686666666666667,9.751546885836456,26.07758620689655,NaN,12.85897435897436,-1.9979487179487165,16.135525389643036,45,11.161817985531115,19,4,1.1120378293696405
Garrett Wilson,WR,NYJ,7,14.214285714285714,9.657713423550554,12.770562770562771,NaN,10.972222222222221,-0.6033613445378165,13.857703081232494,41,11.135963283859203,20,4,1.086183127697728
Jaylen Waddle,WR,MIA,16,12.1325,6.871203194007097,22.172949002217297,14.0,14.21875,2.1591666666666676,12.09718253968254,45,10.71888904179787,21,4,0.6691088856363958
Parker Washington,WR,JAX,16,11.54375,7.405490643209717,18.92430278884462,0.0,14.60344827586207,4.6151785714285705,7.7907738095238095,38,10.706656378465654,22,4,0.6568762223041791
Jakobi Meyers,WR,LV,7,9.742857142857144,4.125068541999088,9.939148073022313,NaN,10.666666666666666,7.165079365079366,12.47324900793651,47,10.654860389781227,23,4,0.605080233619752
DK Metcalf,WR,PIT,15,12.479999999999999,5.99930948407517,19.148936170212767,6.0,14.40677966101695,-0.2666666666666675,13.104722222222222,46,10.600207154777447,24,4,0.550426998615972
Rome Odunze,WR,CHI,12,12.174999999999999,9.172699116994359,16.917293233082706,NaN,15.022727272727273,3.651470588235293,10.349264705882351,29,10.51863144137228,25,5,0.4688512852108051
Tetairoa McMillan,WR,CAR,17,12.552941176470588,7.066922743232978,25.416666666666664,NaN,14.485714285714286,,12.552941176470588,17,10.432864353500694,26,5,0.38308419733921895
Alec Pierce,WR,IND,15,12.22,8.302426495566564,15.879017013232513,NaN,21.340425531914892,2.1325000000000003,9.306421568627451,48,10.369022051330031,27,5,0.31924189516855606
Tee Higgins,WR,CIN,15,14.106666666666666,8.225870919297991,16.14497528830313,NaN,14.338983050847459,-4.401666666666671,14.69388888888889,39,10.318405390877267,28,5,0.2686252347157918
Michael Pittman,WR,IND,17,11.905882352941177,7.489448460019877,20.982986767485823,NaN,9.8,1.543382352941176,12.676960784313726,49,10.122062520817567,29,5,0.0722823646560915
Deebo Samuel Sr.,WR,WAS,16,11.762500000000001,6.942609979923496,22.916666666666664,4.411764705882353,10.097222222222221,1.389166666666668,12.794166666666667,46,10.096467006022953,30,5,0.04668684986147831
Courtland Sutton,WR,DEN,17,12.923529411764706,7.483943597108806,21.565217391304348,NaN,13.743243243243244,-2.0952205882352946,13.2765931372549,49,10.049780156161475,31,5,0.0
Jameson Williams,WR,DET,17,12.935294117647059,8.963254234405506,18.545454545454547,2.0,17.184615384615384,-1.2113725490196092,11.257875816993463,44,9.882906082619524,32,5,-0.16687407354195116
Stefon Diggs,WR,NE,17,12.370588235294118,6.811641203289627,21.25,NaN,11.91764705882353,-2.869411764705882,14.572156862745098,42,9.466272344895465,33,5,-0.5835078112660099
Jauan Jennings,WR,SF,15,11.553333333333335,5.710124675479846,17.274472168905948,NaN,11.690909090909091,-2.4799999999999986,9.84940170940171,43,9.096295930689381,34,5,-0.9534842254720939
Emeka Egbuka,WR,TB,17,11.511764705882353,8.421318361229226,23.51851851851852,4.5,14.88888888888889,,11.511764705882353,17,8.985369197513585,35,5,-1.0644109586478905
Davante Adams,WR,LA,14,15.921428571428573,6.839385776675988,19.62134251290878,NaN,13.15,-16.89978354978355,16.088601349630764,45,8.799677773490712,36,5,-1.2501023826707627
Terry McLaurin,WR,WAS,10,11.42,5.10050106471032,13.88888888888889,NaN,15.31578947368421,-4.332941176470589,13.041960784313725,44,8.589967327645727,37,5,-1.459812828515748
DeVonta Smith,WR,PHI,17,11.870588235294116,7.798698986520312,24.353448275862068,NaN,13.090909090909092,-3.4678733031674227,13.811349924585217,46,8.490616548387795,38,5,-1.5591636077736801
Jayden Reed,WR,GB,5,9.7,2.4779023386727728,4.921700223713646,9.333333333333334,10.894736842105264,-1.8882352941176475,11.621078431372547,38,8.390158710162874,39,5,-1.6596214459986012
Ricky Pearsall,WR,SF,9,9.844444444444445,6.514620309563542,10.17274472168906,-1.0,14.666666666666666,1.344444444444445,9.172222222222222,20,8.293391684908716,40,5,-1.7563884712527589
Malik Nabers,WR,NYG,4,14.275,16.119217309369173,6.958250497017893,NaN,15.055555555555555,-3.9650000000000016,16.2575,19,8.249734807189247,41,5,-1.800045348972228
Marvin Harrison Jr.,WR,ARI,12,10.65,7.103712217758211,11.831442463533225,NaN,14.829268292682928,-0.9088235294117641,11.104411764705883,29,8.246239275849007,42,5,-1.8035408803124682
Keenan Allen,WR,LAC,17,10.74705882352941,6.805890614667819,22.634508348794064,NaN,9.592592592592593,-1.5462745098039221,14.830387129210658,45,8.241409286187888,43,5,-1.8083708699735865
Romeo Doubs,WR,GB,16,10.3375,7.260842467188868,19.015659955257274,NaN,13.163636363636364,0.1759615384615394,10.252620663650076,46,8.212035721381802,44,5,-1.8377444347796725
Troy Franklin,WR,DEN,17,10.41764705882353,7.625306165502279,18.086956521739133,2.4,10.907692307692308,,7.305698529411765,33,8.130055209172847,45,5,-1.9197249469886284
Khalil Shakir,WR,BUF,16,10.4,5.800689614175198,19.832985386221296,5.0,9.98611111111111,-1.7666666666666657,9.878472222222221,47,8.129793115747441,46,5,-1.9199870404140338
Ladd McConkey,WR,LAC,16,11.30625,6.855408448808868,19.666048237476808,NaN,11.954545454545455,-3.75,13.18125,32,8.12462746535734,47,5,-1.9251526908041345
Justin Jefferson,WR,MIN,17,11.852941176470589,5.792248877493398,30.257510729613735,3.5,12.476190476190476,-6.8223529411764705,16.91607843137255,44,8.068560630869626,48,5,-1.9812195252918485
Tre Tucker,WR,LV,17,9.511764705882353,8.937902603025861,18.66125760649087,4.636363636363637,12.210526315789474,1.905882352941176,7.546907993966818,47,7.402158630856947,49,5,-2.647621525304528
Mack Hollins,WR,NE,14,8.1,4.614525561078425,13.541666666666666,4.0,11.956521739130435,2.288235294117647,5.834477124183007,43,7.402112919911766,50,5,-2.647667236249709
Theo Wease Jr.,WR,MIA,3,8.633333333333333,4.188476254359494,2.2172949002217295,NaN,23.166666666666668,,8.633333333333333,3,7.376790457025485,51,5,-2.6729896991359903
Mike Evans,WR,TB,8,10.600000000000001,5.79901469463317,11.481481481481481,NaN,12.266666666666667,-6.571428571428569,14.796358543417368,39,6.88886702018148,52,5,-3.160913135979995
Kayshon Boutte,WR,NE,14,8.864285714285714,7.372360768214161,9.583333333333334,NaN,16.696969696969695,0.737619047619047,6.096984126984128,32,6.87386319810718,53,5,-3.1759169580542954
Marquise Brown,WR,KC,16,8.60625,5.6867646044712155,13.479052823315119,NaN,11.979591836734693,-0.4437500000000014,9.33926282051282,31,6.767095618658634,54,5,-3.282684537502841
Keon Coleman,WR,BUF,12,8.533333333333333,6.051045489430031,12.31732776617954,NaN,10.631578947368421,-0.043589743589743435,8.555128205128206,25,6.7049427634274,55,5,-3.3448373927340747
John Metchie III,WR,NYJ,9,7.344444444444445,5.60827761240274,9.523809523809524,-1.6666666666666667,8.827586206896552,3.2544444444444434,4.158611111111112,37,6.6382944940569555,56,5,-3.4114856621045195
Jordan Addison,WR,MIN,14,9.65,5.661441784291619,16.95278969957082,40.5,14.523809523809524,-4.516666666666666,12.278104575163399,46,6.596567464712515,57,5,-3.45321269144896
DJ Moore,WR,CHI,17,10.128235294117648,8.190622866496568,15.977443609022558,5.266666666666667,13.64,-3.877647058823529,13.66235294117647,51,6.507754316521618,58,5,-3.542025839639857
Jalen Coker,WR,CAR,11,8.218181818181819,5.865461308681215,8.958333333333334,NaN,11.93939393939394,-0.1963636363636354,8.316363636363636,22,6.399634334668364,59,5,-3.650145821493111
Brian Thomas Jr.,WR,JAX,14,9.914285714285715,5.013651692798704,18.127490039840637,7.0,14.729166666666666,-6.791596638655463,13.310084033613446,31,6.372711214849464,60,5,-3.677068941312011
Luther Burden III,WR,CHI,15,8.526666666666667,7.540980105555309,11.278195488721805,6.166666666666667,13.872340425531915,,8.526666666666667,15,6.264372635000075,61,5,-3.7854075211614004
Elic Ayomanor,WR,TEN,16,7.28125,4.239216712239814,16.824196597353495,NaN,12.560975609756097,,7.28125,16,6.009484986328056,62,5,-4.040295169833419
Jayden Higgins,WR,HOU,17,7.617647058823529,5.370548772485644,12.296564195298371,NaN,12.804878048780488,,7.617647058823529,17,6.006482427077836,63,5,-4.043297729083639
Josh Downs,WR,IND,16,8.65,4.736383993441973,16.6351606805293,-1.0,9.758620689655173,-4.457142857142857,10.332773109243698,47,5.891941944824551,64,5,-4.157838211336924
Darius Slayton,WR,NYG,14,7.057142857142858,4.123985056623357,12.524850894632205,NaN,14.54054054054054,0.18214285714285783,7.604831932773109,47,5.8745901972987085,65,5,-4.175189958862767
Malik Washington,WR,MIA,17,6.864705882352942,3.3196274596087187,14.412416851441243,6.470588235294118,6.891304347826087,,5.460924369747899,31,5.868817644470326,66,5,-4.180962511691149
Adonai Mitchell,WR,NYJ,8,8.2125,8.308074815675239,12.554112554112553,-4.0,12.541666666666666,,4.716617647058824,33,5.720077555297429,67,5,-4.329702600864046
Chimere Dike,WR,TEN,17,7.535294117647059,6.477648220657573,13.988657844990549,1.6363636363636365,8.8125,,7.535294117647059,17,5.591999651449787,68,5,-4.457780504711688
Tory Horton,WR,SEA,8,8.1375,8.701221178662223,4.835164835164836,NaN,12.384615384615385,,8.1375,8,5.5271336464013325,69,5,-4.5226465097601425
Ryan Flournoy,WR,DAL,15,7.6,7.229305439864687,9.225700164744646,6.25,11.875,,4.811111111111111,24,5.431208368040593,70,5,-4.618571788120882
Xavier Worthy,WR,KC,14,7.8500000000000005,4.524590929235822,13.296903460837886,7.909090909090909,12.666666666666666,-3.8499999999999988,9.775,30,5.337622721229255,71,5,-4.71215743493222
Sterling Shepard,WR,TB,13,6.3076923076923075,3.6286961704496425,9.814814814814815,4.75,9.512820512820513,0.1307692307692312,4.904871794871794,36,5.258314225788184,72,5,-4.791465930373291
Rashid Shaheed,WR,SEA,9,5.800000000000001,5.6118178872803774,5.714285714285714,9.142857142857142,12.533333333333333,3.7666666666666675,10.385000000000002,39,5.246454633815888,73,5,-4.803325522345587
Devaughn Vele,WR,NO,9,7.366666666666666,6.797977640445723,6.902654867256637,NaN,11.72,-0.8256410256410254,7.7794871794871785,22,5.079581066840642,74,5,-4.970199089320833
Tyquan Thornton,WR,KC,12,6.733333333333333,5.705712182992717,6.739526411657559,NaN,23.05263157894737,,3.9768518518518516,25,5.021619678435519,75,5,-5.028160477725956
Kevin Austin Jr.,WR,NO,5,6.6,5.627166249543371,4.070796460176991,NaN,10.76923076923077,,4.9875,13,4.911850125136988,76,5,-5.137930031024487
Kendrick Bourne,WR,SF,14,6.578571428571429,6.890816471823325,10.17274472168906,NaN,14.891891891891891,1.1535714285714294,8.167857142857143,34,4.857397915595861,77,5,-5.192382240565614
Greg Dortch,WR,ARI,12,6.258333333333334,6.021243956848019,5.348460291734198,2.142857142857143,7.103448275862069,0.946568627450981,5.200449346405229,45,4.7359307345142225,78,5,-5.3138494216472525
Xavier Hutchinson,WR,HOU,16,6.125,5.369978274319801,10.30741410488246,7.333333333333333,12.228571428571428,,3.214285714285714,42,4.514006517704059,79,5,-5.535773638457416
Pat Bryant,WR,DEN,13,5.753846153846154,4.136346089770412,8.521739130434783,NaN,12.193548387096774,,5.753846153846154,13,4.51294232691503,80,5,-5.536837829246445
Jalen McMillan,WR,TB,4,7.475,7.440150088091861,2.7777777777777777,1.0,14.833333333333334,-2.940384615384616,8.945192307692308,17,4.360839588957057,81,5,-5.688940567204418
Olamide Zaccheaus,WR,CHI,14,6.057142857142858,4.598948757088914,12.218045112781954,6.25,8.025641025641026,-1.0928571428571425,5.566017316017317,41,4.349601087159041,82,5,-5.700179069002434
Marvin Mims Jr.,WR,DEN,15,6.333333333333333,5.539425791112116,8.869565217391303,6.5,8.702702702702704,-1.284313725490196,6.20657679738562,48,4.286211478352639,83,5,-5.763568677808836
Calvin Austin III,WR,PIT,14,6.1571428571428575,5.502546862864684,10.638297872340425,NaN,12.0,-0.9487394957983186,5.518925070028011,47,4.221756949543957,84,5,-5.828023206617518
Tez Johnson,WR,TB,15,6.16,6.507665809313988,8.148148148148149,3.142857142857143,11.5,,6.16,15,4.207700257205804,85,5,-5.842079898955671
Shedrick Jackson,WR,LV,3,5.3,3.7242448899072143,1.0141987829614605,3.0,14.0,,2.65,5,4.182726533027836,86,5,-5.867053623133639
Luke McCaffrey,WR,WAS,9,5.7,5.220392705534709,3.4722222222222223,NaN,18.454545454545453,,4.188461538461539,22,4.133882188339587,87,5,-5.915897967821888
Andrei Iosivas,WR,CIN,15,5.993333333333334,5.18176289178371,9.555189456342669,4.666666666666667,13.181818181818182,-1.0596078431372549,5.882091503267975,43,4.120922112857044,88,5,-5.928858043304431
KaVontae Turpin,WR,DAL,15,5.633333333333334,4.650755187012515,6.260296540362438,5.235294117647059,15.23076923076923,-0.49607843137254903,5.164665032679739,48,4.089283247817815,89,5,-5.96049690834366
Chris Godwin Jr.,WR,TB,9,9.222222222222221,6.729186016484047,9.444444444444445,NaN,10.909090909090908,-10.463492063492065,13.73793962029256,33,4.064418798229388,90,5,-5.985361357932087
Jared Wayne,WR,HOU,1,4.0,,0.3616636528028933,NaN,10.0,,4.0,1,4.0,91,5,-6.049780156161475
Quentin Skinner,WR,NYJ,1,4.0,,0.21645021645021645,NaN,10.0,,4.0,1,4.0,92,5,-6.049780156161475
Van Jefferson,WR,TEN,14,5.0,3.380714535306223,9.829867674858223,NaN,12.068965517241379,,4.0625,43,3.985785639408133,93,5,-6.063994516753342
Tyler Lockett,WR,LV,10,5.01,3.7848968868972435,6.896551724137931,NaN,10.045454545454545,0.3209243697478996,6.615525210084034,51,3.970808244855197,94,5,-6.078971911306278
Cooper Kupp,WR,SEA,16,7.26875,4.053594084266455,15.384615384615385,NaN,12.617021276595745,-7.314583333333334,11.850694444444445,40,3.8582967747200634,95,5,-6.191483381441412
Brandin Cooks,WR,NO,9,3.9444444444444446,1.6674164979925616,4.424778761061947,NaN,8.68421052631579,1.0844444444444452,6.457361111111111,39,3.7695528283800095,96,5,-6.280227327781466
Isaac TeSlaa,WR,DET,14,5.421428571428572,5.6063396218962644,4.909090909090909,NaN,14.9375,,5.421428571428572,14,3.739526684859692,97,5,-6.310253471301783
Josh Reynolds,WR,NYJ,5,4.62,2.9659737018389087,4.545454545454546,NaN,9.181818181818182,,5.157500000000001,29,3.7302078894483275,98,5,-6.3195722667131475
Matthew Golden,WR,GB,14,5.0,4.30080493360523,9.843400447427292,4.9,12.448275862068966,,5.0,14,3.709758519918431,99,5,-6.340021636243044
Calvin Ridley,WR,TEN,7,6.757142857142857,5.483264581997707,6.805293005671078,NaN,17.823529411764707,-4.960504201680673,10.66610644257703,41,3.6240122220393434,100,5,-6.425767934122131
Cedric Tillman,WR,CLE,12,5.0,4.588126969789425,7.485604606525912,NaN,12.857142857142858,,5.983838383838385,32,3.6235619090631728,101,5,-6.426218247098302
Jalen Nailor,WR,MIN,17,5.923529411764706,6.655592517928503,11.373390557939913,6.5,15.310344827586206,-1.0764705882352938,4.963398692810458,35,3.6039104799155672,102,5,-6.445869676245907
Zay Jones,WR,ARI,6,5.05,4.881290812889557,2.9173419773095626,NaN,15.25,,5.487037037037037,21,3.5856127561331324,103,5,-6.464167400028343
Dontayvion Wicks,WR,GB,13,5.8307692307692305,7.019542318340588,10.290827740492169,6.0,11.066666666666666,-0.6692307692307695,6.771589743589743,45,3.524137304497823,104,5,-6.525642851663652
Jacoby Jones,WR,WAS,1,3.5,,0.23148148148148145,NaN,25.0,,3.5,1,3.5,105,5,-6.549780156161475
Jakobie Keeney-James,WR,GB,1,3.5,,0.44742729306487694,NaN,7.5,,3.5,1,3.5,106,5,-6.549780156161475
Lil'Jordan Humphrey,WR,DEN,5,5.0200000000000005,5.070207096362041,2.608695652173913,NaN,11.222222222222221,,4.6634415584415585,32,3.498937871091388,107,5,-6.550842285070087
Tre Harris,WR,LAC,16,4.3375,2.876079507477729,7.977736549165121,5.0,10.8,,4.3375,16,3.4746761477566817,108,5,-6.575104008404793
DeMario Douglas,WR,NE,16,5.9875,5.200881335568681,9.583333333333334,3.0,14.419354838709678,-3.2437500000000012,7.625297619047619,46,3.454110599329395,109,5,-6.59566955683208
Gabe Davis,WR,BUF,6,5.15,5.425403210822216,3.7578288100208765,NaN,10.75,-0.23999999999999932,6.8758333333333335,32,3.450379036753336,110,5,-6.599401119408139
Josh Palmer,WR,BUF,12,4.358333333333333,3.056575128334247,7.724425887265135,NaN,13.772727272727273,,7.396111111111111,37,3.4413607948330593,111,5,-6.608419361328416
Jerry Jeudy,WR,CLE,17,7.1000000000000005,5.216679978683761,20.34548944337812,5.0,12.04,-7.070588235294118,10.04436274509804,50,3.4138195358066374,112,5,-6.635960620354838
Hunter Renfrow,WR,CAR,6,5.983333333333334,8.749723805164747,5.416666666666667,NaN,5.933333333333334,,4.723809523809525,20,3.35841619178391,113,5,-6.691363964377565
Demarcus Robinson,WR,SF,14,4.1571428571428575,3.004282657426609,6.71785028790787,6.0,12.545454545454545,,7.4489495798319325,39,3.2558580599148748,114,5,-6.7939220962466
Velus Jones Jr.,WR,SEA,1,3.2,,0.0,8.0,NaN,,1.3907692307692308,20,3.2,115,5,-6.849780156161475
Xavier Legette,WR,CAR,15,5.953333333333334,6.860431750955899,13.333333333333334,0.0,10.371428571428572,-2.386666666666666,7.1466666666666665,30,3.1792038080465645,116,5,-6.870576348114911
Xavier Restrepo,WR,TEN,2,3.55,1.4849242404917495,1.3232514177693762,NaN,13.666666666666666,,3.55,2,3.104522727852475,117,5,-6.9452574283090005
JuJu Smith-Schuster,WR,KC,17,4.323529411764706,4.103280610037031,8.19672131147541,NaN,10.454545454545455,,4.898752228163993,39,3.092545228753596,118,5,-6.957234927407879
Kalif Raymond,WR,DET,15,4.453333333333333,4.692983617923169,5.454545454545454,9.5,12.041666666666666,,4.963692810457516,44,3.0454382479563824,119,5,-7.004341908205093
Isaiah Hodgins,WR,NYG,6,4.583333333333333,5.374910851973888,3.7773359840954273,NaN,11.5,,3.4896825396825393,22,2.9708600777411664,120,5,-7.078920078420309
Ronnie Bell,WR,NO,2,5.15,7.28319984622144,0.7079646017699115,NaN,11.5,,2.856410256410257,19,2.965040046133568,121,5,-7.084740110027907
Noah Brown,WR,WAS,4,3.325,1.2010412149464313,2.314814814814815,NaN,16.6,,7.110151515151515,25,2.964687635516071,122,5,-7.085092520645404
Dyami Brown,WR,JAX,11,4.5181818181818185,5.36466554070581,7.370517928286853,5.0,11.35,,3.7321717171717173,42,2.9087821559700755,123,5,-7.1409980001913995
Jahdae Walker,WR,CHI,6,4.45,5.343313578670075,1.8796992481203008,NaN,14.5,,4.45,6,2.8470059263989778,124,5,-7.202774229762497
Rashod Bateman,WR,BAL,13,4.261538461538462,4.774330400090758,9.336609336609335,NaN,11.789473684210526,,6.758012820512821,44,2.829239341511235,125,5,-7.22054081465024
Mitchell Tinsley,WR,CIN,8,3.95,3.865229618017538,3.9538714991762767,NaN,14.5,,3.95,8,2.790431114594739,126,5,-7.259349041566736
Devontez Walker,WR,BAL,8,4.7,6.469268008934904,1.9656019656019657,NaN,22.666666666666668,,3.8666666666666667,11,2.759219597319529,127,5,-7.290560558841946
Christian Kirk,WR,HOU,11,5.263636363636364,4.772477915563932,9.403254972875226,NaN,8.535714285714286,-3.598863636363637,8.88260101010101,31,2.752233898058093,128,5,-7.297546258103382
Lil'Jordan Humphrey,WR,NYG,2,4.75,6.7175144212722016,1.9880715705765408,NaN,13.75,,4.6634415584415585,32,2.7347456736183395,129,5,-7.315034482543135
Isaiah Williams,WR,NYJ,15,4.046666666666667,4.430070406835969,7.792207792207792,11.333333333333334,7.423076923076923,,1.7822222222222222,23,2.717645544615876,130,5,-7.332134611545599
DeAndre Hopkins,WR,BAL,17,3.9411764705882355,4.167742018097062,9.582309582309582,NaN,15.0,,8.586862745098038,50,2.690853865159117,131,5,-7.3589262910023585
David Sills,WR,ATL,12,4.091666666666667,4.679055525002948,6.94980694980695,NaN,10.61111111111111,,4.091666666666667,12,2.6879500091657826,132,5,-7.361830146995692
Isaiah Bond,WR,CLE,15,3.646666666666667,3.205768610014201,8.445297504798464,5.8,18.77777777777778,,3.646666666666667,15,2.6849360836624068,133,5,-7.364844072499068
Treylon Burks,WR,WAS,8,3.625,3.2508240713482395,5.092592592592593,NaN,13.0,,3.1861111111111113,22,2.649752778595528,134,5,-7.400027377565947
Tyler Johnson,WR,NYJ,9,4.188888888888889,5.218583247502249,3.896103896103896,NaN,16.416666666666668,,6.1811447811447815,21,2.6233139146382145,135,5,-7.4264662415232605
Michael Bandy,WR,DEN,4,3.75,3.7890192222614374,0.6956521739130435,NaN,12.5,,1.875,5,2.613294233321569,136,5,-7.436485922839906
Jaylin Lane,WR,WAS,15,3.4133333333333336,2.8258669129178413,7.4074074074074066,7.0,14.0625,,3.4133333333333336,15,2.565573259457981,137,5,-7.484206896703494
Chris Moore,WR,WAS,10,3.8600000000000003,4.321573787406621,5.324074074074074,9.0,18.818181818181817,,4.206666666666667,25,2.563527863778014,138,5,-7.486252292383461
Jaylin Noel,WR,HOU,17,4.023529411764706,4.907841864272512,6.329113924050633,2.0,11.23076923076923,,4.023529411764706,17,2.5511768524829526,139,5,-7.4986033036785225
Jalen Tolbert,WR,DAL,12,3.858333333333333,4.408557449765035,5.601317957166392,NaN,11.277777777777779,,5.7141223155929035,43,2.5357660984038226,140,5,-7.514014057757652
Tyrell Shavers,WR,BUF,11,4.136363636363637,5.355608784680361,4.801670146137787,NaN,16.333333333333332,,9.01818181818182,12,2.5296810009595285,141,5,-7.5200991552019465
Roman Wilson,WR,PIT,9,4.288888888888889,6.108691440162214,4.061895551257253,NaN,13.833333333333334,,4.288888888888889,9,2.456281456840225,142,5,-7.59349869932125
Casey Washington,WR,ATL,5,3.0800000000000005,2.247665455533808,2.7027027027027026,NaN,15.666666666666666,,2.1400000000000006,7,2.405700363339858,143,5,-7.644079792821617
Curtis Samuel,WR,BUF,6,3.516666666666667,3.7188259796159677,1.8789144050104383,NaN,11.571428571428571,,5.963888888888889,36,2.4010188727818766,144,5,-7.648761283379598
Brandin Cooks,WR,BUF,4,4.1000000000000005,6.7542579163073135,2.2964509394572024,NaN,22.8,1.0844444444444452,6.457361111111111,39,2.39905595844114,145,5,-7.650724197720335
Marquez Valdes-Scantling,WR,PIT,5,4.8,3.9730341050637863,4.061895551257253,NaN,8.0,-4.107500000000001,4.24775,38,2.375839768480864,146,5,-7.673940387680611
Scott Miller,WR,PIT,5,3.04,2.240089283934906,2.7079303675048356,NaN,6.888888888888889,,2.859292929292929,22,2.3679732148195285,147,5,-7.6818069413419465
Darnell Mooney,WR,ATL,15,5.486666666666666,3.825080142328798,13.8996138996139,NaN,13.84375,-6.588333333333335,7.732460317460318,45,2.3626426239680267,148,5,-7.687137532193448
Jimmy Horn Jr.,WR,CAR,10,2.87,1.733365384319058,3.125,8.625,9.818181818181818,,2.87,10,2.3499903847042827,149,5,-7.699789771457192
Darius Cooper,WR,PHI,6,3.0333333333333337,2.287065077051081,2.3706896551724137,NaN,10.222222222222221,,3.0333333333333337,6,2.347213810218009,150,5,-7.702566345943466
Jahan Dotson,WR,PHI,15,3.3466666666666667,3.480736101677892,7.758620689655173,NaN,14.555555555555555,,4.560233426704015,46,2.302445836163299,151,5,-7.747334319998176
Robbie Chosen,WR,WAS,3,3.4333333333333336,3.852704677669096,2.083333333333333,NaN,10.6,,2.9000000000000004,10,2.277521930032605,152,5,-7.77225822612887
Tim Patrick,WR,JAX,13,3.976923076923077,5.697829096266086,4.780876494023905,NaN,12.466666666666667,,5.068461538461539,28,2.267574348043251,153,5,-7.782205808118224
Tutu Atwell,WR,LA,8,3.9,5.689338399899538,2.5817555938037864,NaN,32.0,,6.173968253968255,37,2.193198480030139,154,5,-7.856581676131336
Elijah Moore,WR,BUF,9,3.177777777777778,3.4233674130079064,3.549060542797495,4.0,12.444444444444445,,6.181930827886711,42,2.150767553875406,155,5,-7.899012602286069
Jamari Thrash,WR,CLE,8,2.5875,1.5384941617420216,2.8790786948176583,NaN,10.7,,1.7270833333333333,14,2.1259517514773933,156,5,-7.923828404684082
Jack Bech,WR,LV,14,3.0285714285714285,3.1657854952914617,5.88235294117647,NaN,11.2,,3.0285714285714285,14,2.07883577998399,157,5,-7.970944376177485
Malachi Corley,WR,CLE,12,2.6333333333333333,1.884063950532723,2.6871401151631478,9.76923076923077,7.181818181818182,,1.8366666666666667,17,2.0681141481735166,158,5,-7.9816660079879584
John Metchie III,WR,PHI,4,1.45,1.2688577540449522,0.8620689655172413,NaN,4.5,3.2544444444444434,4.158611111111112,37,2.045676007119847,159,5,-8.004104149041627
Jordan Watkins,WR,SF,2,2.3000000000000003,0.8485281374238571,0.5758157389635317,NaN,13.0,,2.3000000000000003,2,2.045441558772843,160,5,-8.004338597388632
Tay Martin,WR,WAS,2,2.1500000000000004,0.35355339059327423,0.4629629629629629,NaN,11.5,,7.025,3,2.043933982822018,161,5,-8.005846173339457
Kyle Williams,WR,NE,14,3.5142857142857147,5.074803087177509,4.375,1.5,20.9,,3.5142857142857147,14,1.9918447881324621,162,5,-8.057935368029012
Ray-Ray McCloud,WR,ATL,4,3.1000000000000005,3.797367509209506,2.7027027027027026,NaN,10.666666666666666,,3.651838235294118,35,1.9607897472371487,163,5,-8.088990408924326
Xavier Smith,WR,LA,16,3.0187500000000003,3.752193802741715,4.130808950086059,NaN,16.833333333333332,,1.7308035714285717,30,1.893091859177486,164,5,-8.156688296983988
Jordan Whittington,WR,LA,15,2.4200000000000004,2.175250396095651,4.3029259896729775,4.0,9.5,,3.085,29,1.767424881171305,165,5,-8.28235527499017
Allen Lazard,WR,NYJ,9,2.5555555555555554,2.693098174552458,3.896103896103896,NaN,7.0,,5.782804232804232,35,1.747626103189818,166,5,-8.302154052971657
Tyler Lockett,WR,TEN,7,2.4285714285714284,2.7207316943022795,3.9697542533081283,NaN,7.0,0.3209243697478996,6.615525210084034,51,1.7086292312051146,167,5,-8.341150924956361
Adonai Mitchell,WR,IND,8,2.7750000000000004,3.579604926325171,3.0245746691871456,NaN,16.88888888888889,,4.716617647058824,33,1.7011185221024492,168,5,-8.348661634059026
Konata Mumpfield,WR,LA,10,2.52,2.9085315118725386,3.9586919104991396,NaN,9.2,,2.52,10,1.6474405464382385,169,5,-8.402339609723237
Mason Tipton,WR,NO,8,2.5500000000000003,3.3487737627802985,3.0088495575221237,4.5,6.909090909090909,,2.602777777777778,17,1.5453678711659107,170,5,-8.504412284995563
Trent Sherfield,WR,DEN,3,1.7,0.6928203230275509,0.6956521739130435,NaN,7.0,,1.4356643356643357,28,1.4921539030917348,171,5,-8.55762625306974
Dont'e Thornton Jr.,WR,LV,11,2.1363636363636362,2.1777386102435377,6.085192697768763,NaN,13.5,,2.1363636363636362,11,1.4830420532905748,172,5,-8.5667381028709
Tahj Washington,WR,MIA,2,2.3499999999999996,3.181980515339464,1.1086474501108647,NaN,12.333333333333334,,2.3499999999999996,2,1.3954058453981606,173,5,-8.654374310763314
Savion Williams,WR,GB,12,2.1250000000000004,2.503860655431564,2.237136465324385,3.3636363636363638,7.8,,2.1250000000000004,12,1.373841803370531,174,5,-8.675938352790943
Malik Heath,WR,GB,7,2.085714285714286,2.3968232944382666,1.5659955257270695,NaN,14.333333333333334,,3.7391269841269845,24,1.366667297382806,175,5,-8.683112858778669
Xavier Weaver,WR,ARI,7,1.9571428571428573,1.983983486874444,2.106969205834684,NaN,9.571428571428571,,0.9785714285714286,9,1.361947811080524,176,5,-8.68783234508095
Samori Toure,WR,NO,1,1.3,,0.5309734513274336,NaN,3.0,,1.7625000000000002,9,1.3,177,5,-8.749780156161474
Cedrick Wilson Jr.,WR,MIA,6,1.5666666666666667,0.8959166627910582,1.9955654101995564,NaN,8.8,,3.963108003108003,30,1.2978916678293493,178,5,-8.751888488332126
James Proche,WR,TEN,6,2.0833333333333335,2.6678955501793293,2.2684310018903595,NaN,10.833333333333334,,0.8833333333333334,25,1.2829646682795346,179,5,-8.76681548788194
Justin Watson,WR,HOU,3,2.0,2.4269322199023193,0.7233273056057866,NaN,10.0,,4.042222222222223,33,1.2719203340293044,180,5,-8.777859822132172
Jalen Brooks,WR,ARI,4,2.0250000000000004,2.5197552791226907,0.9724473257698543,NaN,17.0,,2.2833333333333337,20,1.2690734162631931,181,5,-8.780706739898282
Adam Thielen,WR,PIT,5,4.54,3.385705244110893,3.2882011605415857,NaN,10.636363636363637,-7.532222222222222,8.489003267973857,41,1.264621760100066,182,5,-8.785158396061409
Dante Pettis,WR,NO,8,2.4625000000000004,4.1046793854262065,1.9469026548672566,NaN,14.11111111111111,,3.23125,16,1.2310961843721384,183,5,-8.818683971789337
Brycen Tremayne,WR,CAR,15,2.0,2.6629736332582365,3.75,NaN,11.428571428571429,,1.2,17,1.201107910022529,184,5,-8.848672246138946
Braxton Berrios,WR,HOU,4,2.4250000000000003,4.271123973850443,1.4466546112115732,NaN,6.166666666666667,,2.0145833333333334,26,1.1436628078448674,185,5,-8.906117348316608
Dylan Drummond,WR,ATL,6,1.8666666666666665,2.442676128074835,2.1235521235521233,NaN,6.0,,1.8666666666666665,6,1.1338638282442162,186,5,-8.915916327917259
Nick Westbrook-Ikhine,WR,MIA,13,1.5307692307692307,1.7703034652212484,4.434589800443459,NaN,8.090909090909092,,5.92069597069597,40,0.9996781912028562,187,5,-9.05010196495862
Ashton Dulin,WR,IND,12,1.6666666666666667,2.5499851455301155,1.890359168241966,14.666666666666666,21.2,,1.5717948717948718,25,0.9016711230076321,188,5,-9.148109033153842
Cody White,WR,SEA,8,2.25,4.49952378432588,0.8791208791208791,NaN,30.0,,2.725,10,0.900142864702236,189,5,-9.14963729145924
Efton Chism III,WR,NE,8,2.0625,4.31308225882936,0.625,NaN,25.0,,2.0625,8,0.768575322351192,190,5,-9.281204833810284
KeAndre Lambert-Smith,WR,LAC,10,1.61,2.8403638264607345,2.2263450834879404,NaN,10.2,,1.61,10,0.7578908520617798,191,5,-9.291889304099696
Jalin Hyatt,WR,NYG,6,1.4166666666666667,2.2130672530826234,2.783300198807157,NaN,7.0,,2.4917094017094015,29,0.7527464907418797,192,5,-9.297033665419596
Gunner Olszewski,WR,NYG,16,2.2387500000000005,5.007463596139933,2.584493041749503,NaN,14.5,,0.7795833333333335,28,0.7365109211580205,193,5,-9.313269235003455
Tim Jones,WR,JAX,2,1.25,1.7677669529663689,0.199203187250996,NaN,15.0,,1.3558333333333332,20,0.7196699141100894,194,5,-9.330110242051386
Arian Smith,WR,NYJ,13,1.0384615384615385,1.0696872296287216,3.463203463203463,3.25,7.428571428571429,,1.0384615384615385,13,0.717555369572922,195,5,-9.332224786588553
Beaux Collins,WR,NYG,4,1.125,1.3744695946679457,1.1928429423459244,NaN,12.5,,1.125,4,0.7126591215996163,196,5,-9.337121034561859
Jalen Royals,WR,KC,2,1.2,1.697056274847714,0.546448087431694,NaN,2.0,,1.2,2,0.6908831175456858,197,5,-9.358897038615789
David Moore,WR,CAR,3,0.9,0.7937253933193773,0.20833333333333334,12.0,5.0,,3.324444444444445,24,0.6618823820041868,198,5,-9.387897774157288
Ke'Shawn Williams,WR,CIN,3,0.8333333333333334,0.7023769168568492,0.16474464579901155,5.0,5.0,,0.4166666666666667,11,0.6226202582762786,199,5,-9.427159897885197
Austin Trammell,WR,JAX,6,1.2666666666666668,2.179602410226844,1.9920318725099602,NaN,15.333333333333334,,2.5755555555555554,22,0.6127859435986136,200,5,-9.436994212562862
Gage Larvadain,WR,CLE,13,1.1076923076923078,1.7783239011597123,2.6871401151631478,3.0,10.142857142857142,,1.1076923076923078,13,0.5741951373443941,201,5,-9.475585018817082
Mason Kinsey,WR,TEN,6,1.1333333333333335,1.8661904154363957,0.7561436672967864,NaN,24.0,,0.6722222222222222,18,0.5734762087024148,202,5,-9.47630394745906
Bryce Oliver,WR,TEN,2,0.9,1.2727922061357855,0.1890359168241966,NaN,8.0,,1.4187500000000002,10,0.5181623381592644,203,5,-9.53161781800221
Skyy Moore,WR,SF,17,0.8705882352941177,1.2921709957869127,1.3435700575815739,5.5,17.4,,1.6671191553544498,33,0.48293693655804387,204,5,-9.566843219603431
Andre Baccellia,WR,ARI,4,0.7,0.812403840463596,0.6482982171799028,NaN,4.0,,0.35,5,0.45627884786092116,205,5,-9.593501308300555
Jake Bobo,WR,SEA,5,0.8,1.2020815280171309,0.43956043956043955,NaN,10.0,,2.4464285714285716,31,0.4393755415948608,206,5,-9.610404614566614
Ray-Ray McCloud,WR,NYG,2,0.75,1.0606601717798212,0.19880715705765406,NaN,5.0,,3.651838235294118,35,0.43180194846605363,207,5,-9.61797820769542
Tylan Wallace,WR,BAL,11,1.3181818181818181,3.153670300401797,1.9656019656019657,NaN,11.25,,1.8977272727272727,29,0.372080728061279,208,5,-9.677699428100196
Ryan Miller,WR,TB,9,1.2666666666666666,3.006659275674582,0.7407407407407408,NaN,17.0,,2.6777777777777776,18,0.3646688839642921,209,5,-9.685111272197183
Deven Thompkins,WR,ATL,7,0.8857142857142859,1.8031718086273898,0.5791505791505791,5.0,9.0,,1.426218487394958,29,0.344762743126069,210,5,-9.705017413035407
Dareke Young,WR,SEA,8,0.85,1.699579779996052,0.6593406593406593,NaN,24.0,,0.2833333333333333,16,0.34012606600118445,211,5,-9.70965409016029
Tom Kennedy,WR,DET,6,1.2666666666666666,3.1026870075253585,0.7272727272727273,NaN,9.0,,0.6333333333333333,9,0.3358605644090591,212,5,-9.713919591752417
Ben Skowronek,WR,PIT,16,1.05625,2.4080334300005055,1.160541586073501,NaN,17.25,,1.3441061253561253,38,0.3338399709998483,213,5,-9.715940185161626
Dee Eskridge,WR,MIA,11,0.9272727272727272,1.9910253183176296,1.5521064301552108,NaN,15.5,,0.8440909090909091,20,0.32996513177743836,214,5,-9.719815024384037
Xavier Gipson,WR,PHI,5,0.52,0.7120393247567159,0.43103448275862066,NaN,3.0,,1.293235294117647,40,0.30638820257298527,215,5,-9.743391953588489
Marquez Valdes-Scantling,WR,SF,4,2.0,1.718526500620032,1.5355086372360844,NaN,10.0,-4.107500000000001,4.24775,38,0.25219204981399,216,5,-9.797588106347485
Jonathan Mingo,WR,DAL,5,0.7,1.5652475842498528,0.8237232289950577,NaN,25.0,,2.6945833333333336,34,0.23042572472504413,217,5,-9.81935443143643
Tai Felton,WR,MIN,12,0.4583333333333333,0.8338937509531941,0.6437768240343348,NaN,8.333333333333334,,0.4583333333333333,12,0.2081652080473751,218,5,-9.841614948114099
Britain Covey,WR,PHI,6,0.6666666666666666,1.632993161855452,0.8620689655172413,NaN,10.0,,1.0977777777777777,26,0.17676871811003103,219,5,-9.873011438051444
Derius Davis,WR,LAC,11,0.3181818181818182,0.5996968931354936,0.5565862708719851,2.5,5.0,,1.736387403446227,43,0.1382727502411701,220,5,-9.911507405920306
KhaDarel Hodge,WR,ATL,8,0.7625,2.1566756826189697,1.9305019305019304,NaN,10.333333333333334,,2.009880952380952,32,0.11549729521430907,221,5,-9.934282860947166
Malik Cunningham,WR,DET,1,0.1,,0.0,1.0,NaN,,0.05,2,0.1,222,5,-9.949780156161475
Alex Bachman,WR,LV,11,0.29090909090909095,0.6609909915491216,0.6085192697768762,NaN,6.0,,0.7554545454545455,16,0.0926117934443545,223,5,-9.95716836271712
Anthony Gould,WR,IND,11,0.23636363636363636,0.5258758927213288,0.3780718336483932,NaN,3.0,,0.3244318181818182,19,0.07860086854723772,224,5,-9.971179287614238
Nikko Remigio,WR,KC,14,0.3,0.8575456928844173,0.18214936247723132,11.0,21.0,,0.8300000000000001,19,0.042736292134674836,225,5,-10.0070438640268
Devin Duvernay,WR,CHI,17,0.2705882352941177,0.8571498599153717,0.9398496240601504,NaN,13.0,,0.7696832579185521,43,0.013443277319506175,226,5,-10.036336878841968
Kaden Davis,WR,CLE,1,0.0,,0.0,NaN,NaN,,0.0,2,0.0,227,5,-10.049780156161475
Dalevon Campbell,WR,CAR,1,0.0,,0.0,NaN,NaN,,0.0,1,0.0,228,5,-10.049780156161475
DeAndre Carter,WR,CLE,4,0.0,0.0,0.0,NaN,NaN,,0.605580693815988,34,0.0,229,5,-10.049780156161475
Myles Price,WR,MIN,16,0.0,0.0,0.0,NaN,NaN,,0.0,16,0.0,230,5,-10.049780156161475
Velus Jones Jr.,WR,NO,4,0.0,0.0,0.0,NaN,NaN,,1.3907692307692308,20,0.0,231,5,-10.049780156161475
Malik Turner,WR,SF,2,0.0,0.0,0.19193857965451055,NaN,NaN,,0.0,2,0.0,232,5,-10.049780156161475
Ke'Shawn Williams,WR,PIT,8,0.0,0.0,0.0,NaN,NaN,,0.4166666666666667,11,0.0,233,5,-10.049780156161475
Xavier Gipson,WR,NYJ,1,0.0,,0.0,NaN,NaN,,1.293235294117647,40,0.0,234,5,-10.049780156161475
Steven Sims,WR,ARI,3,0.0,0.0,0.1620745542949757,NaN,NaN,,0.4666666666666666,15,0.0,235,5,-10.049780156161475
Dalen Cambre,WR,NYG,3,0.0,0.0,0.0,NaN,NaN,,0.0,3,0.0,236,5,-10.049780156161475
Coleman Owen,WR,IND,2,0.0,0.0,0.1890359168241966,NaN,NaN,,0.0,2,0.0,237,5,-10.049780156161475
Jeshaun Jones,WR,MIN,1,0.0,,0.0,NaN,NaN,,0.0,1,0.0,238,5,-10.049780156161475
Jalen Brooks,WR,DAL,1,0.0,,0.0,NaN,NaN,,2.2833333333333337,20,0.0,239,5,-10.049780156161475
LaJohntay Wester,WR,BAL,14,0.0,0.0,0.0,NaN,NaN,,0.0,14,0.0,240,5,-10.049780156161475
Jalen Moreno-Cropper,WR,DAL,2,0.0,0.0,0.0,NaN,NaN,,0.0,2,0.0,241,5,-10.049780156161475
Chris Blair,WR,ATL,1,0.0,,0.0,NaN,NaN,,0.675,3,0.0,242,5,-10.049780156161475
Jason Brownlee,WR,KC,3,0.0,0.0,0.18214936247723132,NaN,NaN,,2.075,7,0.0,243,5,-10.049780156161475
Dominic Lovett,WR,DET,2,0.0,0.0,0.0,NaN,NaN,,0.0,2,0.0,244,5,-10.049780156161475
Mecole Hardman,WR,BUF,2,0.0,0.0,0.20876826722338201,NaN,NaN,,2.196666666666667,21,0.0,245,5,-10.049780156161475
DJ Turner,WR,LV,1,0.0,,0.0,NaN,NaN,,1.3083333333333333,20,0.0,246,5,-10.049780156161475
Parris Campbell,WR,DAL,1,0.0,,0.0,NaN,NaN,,2.263333333333333,15,0.0,247,5,-10.049780156161475
Simi Fehoko,WR,ARI,7,0.0,0.0,0.0,NaN,NaN,,2.238888888888889,15,0.0,248,5,-10.049780156161475
River Cracraft,WR,WAS,2,0.0,0.0,0.0,NaN,NaN,,2.4122222222222223,13,0.0,249,5,-10.049780156161475
Laquon Treadwell,WR,IND,6,0.0,0.0,0.0,NaN,NaN,,0.43333333333333335,9,0.0,250,5,-10.049780156161475
Trent Sherfield,WR,ARI,1,0.0,,0.1620745542949757,NaN,NaN,,1.4356643356643357,28,0.0,251,5,-10.049780156161475
Jamal Agnew,WR,ATL,11,0.0,0.0,0.0,NaN,NaN,,1.831818181818182,22,0.0,252,5,-10.049780156161475
Charlie Jones,WR,CIN,14,0.42857142857142855,1.6035674514745464,0.16474464579901155,NaN,NaN,,1.1272727272727272,32,-0.05249880687093533,253,5,-10.102278963032411
Kameron Johnson,WR,TB,17,1.0411764705882351,3.96690351904502,1.2962962962962963,6.5,16.0,,0.6580882352941175,21,-0.14889458512527076,254,5,-10.198674741286746
Adam Thielen,WR,MIN,9,1.8777777777777775,1.6791201399674904,3.862660944206009,NaN,8.625,-7.532222222222222,8.489003267973857,41,-0.885624930879136,255,5,-10.93540508704061
